id_accueil,id_etudiant,id_staff,date_accueil,heure_debut,heure_fin,initie_par,motif,duree_accueil_min
14001,1688,617,2024-01-02,10:00,10:15,Staff,Attestation,15
14002,1891,604,2022-10-23,09:00,09:15,Étudiant,Bourse,15
14003,1533,605,2023-07-20,15:00,15:15,Étudiant,Information,15
14004,2129,605,2021-09-12,08:00,08:15,Staff,Bourse,15
14005,1272,621,2022-10-20,15:00,15:15,Étudiant,Attestation,15
14006,1665,628,2021-12-15,09:00,09:15,Étudiant,Bourse,15
14007,1818,616,2021-11-28,10:00,10:15,Étudiant,Réclamation,15
14008,1929,604,2021-10-05,16:00,16:15,Staff,Autre,15
14009,1477,604,2023-10-03,09:00,09:15,Étudiant,Attestation,15
14010,1605,623,2023-07-29,11:00,11:15,Étudiant,Autre,15
14011,1850,606,2022-11-25,10:00,10:15,Étudiant,Autre,15
14012,1396,622,2024-04-01,10:00,10:15,Étudiant,Attestation,15
14013,2112,630,2024-07-09,10:00,10:15,Étudiant,Bourse,15
14014,1590,619,2022-12-31,11:00,11:15,Étudiant,Bourse,15
14015,1308,627,2022-04-15,10:00,10:15,Étudiant,Autre,15
14016,1746,617,2023-12-29,10:00,10:15,Staff,Information,15
14017,1787,607,2022-01-08,11:00,11:15,Étudiant,Autre,15
14018,1097,607,2022-11-03,15:00,15:15,Étudiant,Bourse,15
14019,1889,625,2022-07-27,08:00,08:15,Staff,Autre,15
14020,1956,601,2024-07-18,08:00,08:15,Staff,Attestation,15
14021,1172,627,2024-07-15,09:00,09:15,Staff,Réclamation,15
14022,1539,626,2023-07-21,11:00,11:15,Étudiant,Attestation,15
14023,1754,604,2022-06-02,16:00,16:15,Étudiant,Bourse,15
14024,2119,607,2022-04-01,14:00,14:15,Étudiant,Bourse,15
14025,1160,616,2023-04-18,08:00,08:15,Étudiant,Autre,15
14026,1623,609,2022-01-27,14:00,14:15,Étudiant,Réclamation,15
14027,1970,629,2025-03-13,10:00,10:15,Étudiant,Information,15
14028,1772,605,2023-11-05,14:00,14:15,Étudiant,Réclamation,15
14029,1925,627,2022-10-18,11:00,11:15,Staff,Attestation,15
14030,1252,624,2022-03-29,11:00,11:15,Staff,Bourse,15
14031,1625,612,2021-11-28,09:00,09:15,Staff,Information,15
14032,1911,611,2023-03-04,08:00,08:15,Étudiant,Information,15
14033,1354,607,2023-08-07,16:00,16:15,Staff,Attestation,15
14034,1379,610,2021-12-06,09:00,09:15,Staff,Bourse,15
14035,1922,603,2022-05-23,09:00,09:15,Étudiant,Information,15
14036,1467,607,2023-10-29,10:00,10:15,Étudiant,Bourse,15
14037,1925,621,2023-08-30,08:00,08:15,Étudiant,Bourse,15
14038,1141,611,2022-01-13,08:00,08:15,Staff,Bourse,15
14039,1906,625,2025-02-08,09:00,09:15,Étudiant,Attestation,15
14040,2185,607,2025-02-12,15:00,15:15,Étudiant,Attestation,15
14041,1965,614,2024-01-12,16:00,16:15,Étudiant,Réclamation,15
14042,1239,624,2022-05-16,08:00,08:15,Étudiant,Attestation,15
14043,1503,603,2024-06-18,16:00,16:15,Étudiant,Attestation,15
14044,1235,601,2022-02-07,08:00,08:15,Étudiant,Réclamation,15
14045,1099,627,2023-11-13,08:00,08:15,Staff,Réclamation,15
14046,1096,610,2022-09-16,15:00,15:15,Étudiant,Autre,15
14047,1793,629,2023-07-30,16:00,16:15,Staff,Information,15
14048,1821,623,2024-08-31,16:00,16:15,Étudiant,Réclamation,15
14049,1411,618,2022-03-02,08:00,08:15,Étudiant,Autre,15
14050,1968,622,2023-09-04,09:00,09:15,Staff,Bourse,15
14051,2085,608,2022-06-05,11:00,11:15,Étudiant,Autre,15
14052,1017,606,2022-09-10,15:00,15:15,Staff,Réclamation,15
14053,1630,609,2022-11-14,09:00,09:15,Staff,Autre,15
14054,1046,616,2024-09-18,14:00,14:15,Staff,Information,15
14055,1893,612,2025-01-08,16:00,16:15,Staff,Information,15
14056,1817,611,2024-04-26,16:00,16:15,Étudiant,Réclamation,15
14057,1722,620,2022-11-11,14:00,14:15,Staff,Bourse,15
14058,1205,609,2024-10-09,14:00,14:15,Staff,Information,15
14059,1150,606,2022-12-28,16:00,16:15,Staff,Réclamation,15
14060,1485,609,2023-08-03,15:00,15:15,Staff,Information,15
14061,1135,603,2023-02-18,14:00,14:15,Staff,Information,15
14062,2044,609,2021-11-09,15:00,15:15,Étudiant,Information,15
14063,1247,618,2024-09-19,15:00,15:15,Étudiant,Bourse,15
14064,1438,621,2022-06-24,09:00,09:15,Étudiant,Réclamation,15
14065,2174,626,2023-03-10,15:00,15:15,Staff,Réclamation,15
14066,1619,618,2023-03-25,11:00,11:15,Étudiant,Réclamation,15
14067,1810,625,2024-08-11,10:00,10:15,Étudiant,Autre,15
14068,1673,603,2023-05-29,10:00,10:15,Étudiant,Réclamation,15
14069,1754,615,2022-08-29,08:00,08:15,Étudiant,Bourse,15
14070,1191,609,2025-02-23,15:00,15:15,Staff,Bourse,15
14071,1114,616,2023-10-18,15:00,15:15,Étudiant,Attestation,15
14072,2187,603,2022-11-24,09:00,09:15,Étudiant,Réclamation,15
14073,1266,615,2022-12-24,14:00,14:15,Staff,Information,15
14074,1813,604,2023-03-31,15:00,15:15,Staff,Bourse,15
14075,1721,611,2022-11-08,15:00,15:15,Étudiant,Réclamation,15
14076,1302,629,2023-09-22,15:00,15:15,Étudiant,Réclamation,15
14077,1229,627,2024-11-13,16:00,16:15,Étudiant,Bourse,15
14078,1022,627,2024-02-22,09:00,09:15,Étudiant,Information,15
14079,1446,602,2024-04-17,11:00,11:15,Staff,Autre,15
14080,1055,608,2024-04-01,14:00,14:15,Étudiant,Autre,15
14081,1438,609,2025-02-05,15:00,15:15,Étudiant,Information,15
14082,1330,602,2024-10-20,11:00,11:15,Étudiant,Information,15
14083,2154,604,2023-08-05,09:00,09:15,Étudiant,Autre,15
14084,2193,607,2022-02-26,16:00,16:15,Staff,Autre,15
14085,2156,627,2022-07-21,14:00,14:15,Staff,Attestation,15
14086,1432,629,2024-07-11,16:00,16:15,Étudiant,Réclamation,15
14087,1484,620,2021-09-27,11:00,11:15,Étudiant,Autre,15
14088,1660,611,2023-05-15,14:00,14:15,Étudiant,Attestation,15
14089,1802,617,2023-09-14,08:00,08:15,Étudiant,Attestation,15
14090,1178,609,2023-08-10,08:00,08:15,Étudiant,Information,15
14091,2029,611,2022-05-31,11:00,11:15,Étudiant,Information,15
14092,1330,603,2025-03-23,11:00,11:15,Étudiant,Information,15
14093,1947,629,2023-11-14,09:00,09:15,Staff,Bourse,15
14094,2036,627,2023-05-28,09:00,09:15,Staff,Attestation,15
14095,1743,614,2023-05-18,10:00,10:15,Étudiant,Réclamation,15
14096,1550,619,2022-02-18,15:00,15:15,Staff,Autre,15
14097,1417,621,2024-03-15,10:00,10:15,Staff,Attestation,15
14098,1532,613,2022-01-21,10:00,10:15,Étudiant,Bourse,15
14099,1536,611,2023-01-13,14:00,14:15,Staff,Réclamation,15
14100,1007,603,2023-04-05,10:00,10:15,Étudiant,Bourse,15
14101,1151,630,2022-06-19,09:00,09:15,Étudiant,Autre,15
14102,2030,610,2024-08-03,15:00,15:15,Étudiant,Autre,15
14103,1162,605,2022-03-25,09:00,09:15,Étudiant,Attestation,15
14104,1502,602,2023-09-03,14:00,14:15,Staff,Autre,15
14105,1480,601,2024-11-19,14:00,14:15,Étudiant,Autre,15
14106,1380,605,2022-07-09,15:00,15:15,Étudiant,Attestation,15
14107,1633,629,2022-08-04,15:00,15:15,Étudiant,Attestation,15
14108,1835,630,2024-06-20,11:00,11:15,Étudiant,Autre,15
14109,1828,628,2024-02-16,08:00,08:15,Étudiant,Autre,15
14110,2122,606,2022-10-18,15:00,15:15,Staff,Autre,15
14111,1838,615,2022-08-04,11:00,11:15,Étudiant,Réclamation,15
14112,1038,622,2022-01-02,15:00,15:15,Étudiant,Attestation,15
14113,1985,616,2025-01-08,15:00,15:15,Étudiant,Bourse,15
14114,1602,619,2023-07-04,15:00,15:15,Étudiant,Information,15
14115,1717,619,2022-09-15,10:00,10:15,Étudiant,Attestation,15
14116,1186,607,2022-04-25,09:00,09:15,Étudiant,Réclamation,15
14117,1107,604,2023-07-13,09:00,09:15,Étudiant,Bourse,15
14118,1518,622,2023-07-25,09:00,09:15,Étudiant,Bourse,15
14119,1530,613,2024-02-02,15:00,15:15,Étudiant,Information,15
14120,1953,602,2024-12-04,09:00,09:15,Étudiant,Information,15
14121,1673,630,2024-05-01,15:00,15:15,Staff,Information,15
14122,1047,607,2023-05-05,10:00,10:15,Staff,Attestation,15
14123,1360,606,2023-03-03,14:00,14:15,Étudiant,Attestation,15
14124,1534,630,2022-01-30,14:00,14:15,Étudiant,Réclamation,15
14125,1039,629,2024-06-08,09:00,09:15,Étudiant,Réclamation,15
14126,1466,606,2023-10-08,10:00,10:15,Étudiant,Attestation,15
14127,2130,627,2023-11-22,16:00,16:15,Étudiant,Réclamation,15
14128,1002,605,2023-08-22,10:00,10:15,Staff,Information,15
14129,1753,601,2025-01-03,10:00,10:15,Étudiant,Réclamation,15
14130,1428,624,2024-08-06,16:00,16:15,Staff,Information,15
14131,1326,605,2021-12-20,11:00,11:15,Étudiant,Autre,15
14132,2185,619,2024-06-26,10:00,10:15,Étudiant,Bourse,15
14133,2090,621,2024-12-01,09:00,09:15,Étudiant,Autre,15
14134,2036,619,2023-12-12,11:00,11:15,Staff,Autre,15
14135,1064,613,2021-09-30,08:00,08:15,Staff,Réclamation,15
14136,1706,610,2022-09-04,14:00,14:15,Étudiant,Réclamation,15
14137,1644,606,2022-10-06,08:00,08:15,Étudiant,Bourse,15
14138,1522,628,2024-01-19,08:00,08:15,Étudiant,Attestation,15
14139,1479,621,2024-02-03,16:00,16:15,Staff,Information,15
14140,1332,616,2021-10-07,11:00,11:15,Étudiant,Réclamation,15
14141,1093,628,2022-06-13,08:00,08:15,Étudiant,Réclamation,15
14142,1602,626,2021-12-18,09:00,09:15,Étudiant,Attestation,15
14143,1465,620,2024-02-24,14:00,14:15,Étudiant,Information,15
14144,2149,617,2024-04-28,15:00,15:15,Étudiant,Attestation,15
14145,2041,612,2021-12-06,10:00,10:15,Étudiant,Autre,15
14146,1051,624,2022-03-25,10:00,10:15,Étudiant,Réclamation,15
14147,1607,618,2023-02-26,09:00,09:15,Staff,Information,15
14148,1091,610,2024-08-06,10:00,10:15,Étudiant,Attestation,15
14149,1214,609,2023-05-23,11:00,11:15,Étudiant,Attestation,15
14150,2062,615,2024-07-16,16:00,16:15,Étudiant,Information,15
14151,1716,628,2024-11-24,16:00,16:15,Staff,Attestation,15
14152,1821,620,2023-06-25,15:00,15:15,Staff,Autre,15
14153,1235,630,2022-07-26,09:00,09:15,Étudiant,Bourse,15
14154,2193,602,2024-03-23,15:00,15:15,Étudiant,Attestation,15
14155,2073,610,2023-11-25,14:00,14:15,Staff,Attestation,15
14156,1979,628,2023-05-25,15:00,15:15,Étudiant,Information,15
14157,1024,625,2022-12-27,09:00,09:15,Étudiant,Autre,15
14158,1965,625,2024-12-05,10:00,10:15,Étudiant,Autre,15
14159,1210,629,2022-03-24,10:00,10:15,Étudiant,Réclamation,15
14160,2027,610,2024-11-24,09:00,09:15,Étudiant,Bourse,15
14161,2005,627,2024-04-14,11:00,11:15,Étudiant,Information,15
14162,1888,611,2023-03-24,08:00,08:15,Staff,Bourse,15
14163,1836,624,2024-02-28,10:00,10:15,Étudiant,Information,15
14164,1704,627,2024-02-20,14:00,14:15,Étudiant,Information,15
14165,1908,604,2022-10-27,15:00,15:15,Étudiant,Information,15
14166,1814,603,2023-05-01,09:00,09:15,Étudiant,Attestation,15
14167,2061,612,2022-03-13,11:00,11:15,Étudiant,Autre,15
14168,1637,603,2023-10-01,09:00,09:15,Étudiant,Information,15
14169,2070,616,2022-04-29,11:00,11:15,Staff,Réclamation,15
14170,1336,611,2024-06-01,14:00,14:15,Étudiant,Information,15
14171,1559,624,2025-03-30,09:00,09:15,Étudiant,Bourse,15
14172,1180,601,2022-08-21,10:00,10:15,Étudiant,Attestation,15
14173,1340,622,2022-02-15,08:00,08:15,Étudiant,Autre,15
14174,1241,626,2024-08-07,09:00,09:15,Étudiant,Réclamation,15
14175,1139,609,2024-11-14,15:00,15:15,Staff,Attestation,15
14176,1184,624,2021-12-19,08:00,08:15,Étudiant,Bourse,15
14177,1168,621,2021-12-03,16:00,16:15,Staff,Information,15
14178,1529,623,2023-05-19,11:00,11:15,Étudiant,Autre,15
14179,1973,619,2022-03-10,10:00,10:15,Étudiant,Information,15
14180,1562,629,2022-03-17,14:00,14:15,Staff,Bourse,15
14181,2026,602,2022-09-22,16:00,16:15,Staff,Bourse,15
14182,1528,611,2022-01-17,09:00,09:15,Staff,Autre,15
14183,1979,624,2022-07-13,10:00,10:15,Étudiant,Attestation,15
14184,2021,602,2024-07-09,08:00,08:15,Étudiant,Autre,15
14185,2060,621,2022-09-05,11:00,11:15,Étudiant,Réclamation,15
14186,1396,614,2024-03-07,10:00,10:15,Étudiant,Réclamation,15
14187,1563,606,2022-08-02,10:00,10:15,Étudiant,Réclamation,15
14188,1353,613,2024-04-03,08:00,08:15,Étudiant,Autre,15
14189,1653,627,2022-04-10,15:00,15:15,Étudiant,Réclamation,15
14190,1894,620,2023-11-26,11:00,11:15,Staff,Bourse,15
14191,1357,619,2021-09-04,11:00,11:15,Étudiant,Information,15
14192,1483,623,2022-07-03,09:00,09:15,Étudiant,Attestation,15
14193,1897,601,2024-08-07,15:00,15:15,Étudiant,Autre,15
14194,1494,607,2023-12-20,15:00,15:15,Étudiant,Réclamation,15
14195,1473,619,2023-03-21,10:00,10:15,Staff,Information,15
14196,1096,618,2023-09-08,16:00,16:15,Étudiant,Bourse,15
14197,1042,623,2024-11-10,15:00,15:15,Staff,Bourse,15
14198,1660,613,2024-07-18,15:00,15:15,Étudiant,Autre,15
14199,1284,618,2024-06-24,08:00,08:15,Étudiant,Réclamation,15
14200,1315,615,2023-03-25,08:00,08:15,Staff,Autre,15
14201,1271,622,2022-10-15,11:00,11:15,Étudiant,Information,15
14202,1566,620,2024-10-05,15:00,15:15,Étudiant,Réclamation,15
14203,1601,626,2022-04-11,15:00,15:15,Étudiant,Information,15
14204,1541,610,2025-01-10,08:00,08:15,Étudiant,Information,15
14205,1710,608,2023-07-01,08:00,08:15,Étudiant,Information,15
14206,1342,613,2025-03-20,14:00,14:15,Étudiant,Attestation,15
14207,2106,625,2024-02-01,08:00,08:15,Staff,Bourse,15
14208,2060,605,2023-01-24,15:00,15:15,Staff,Attestation,15
14209,1353,620,2021-10-04,08:00,08:15,Étudiant,Information,15
14210,1863,621,2024-09-03,08:00,08:15,Staff,Information,15
14211,1550,614,2024-10-06,09:00,09:15,Étudiant,Réclamation,15
14212,1415,601,2025-03-17,10:00,10:15,Étudiant,Autre,15
14213,1371,606,2022-06-29,09:00,09:15,Étudiant,Attestation,15
14214,2122,604,2022-05-20,14:00,14:15,Étudiant,Information,15
14215,1420,626,2025-02-28,08:00,08:15,Étudiant,Réclamation,15
14216,1445,625,2024-09-03,16:00,16:15,Étudiant,Bourse,15
14217,1341,616,2022-07-04,09:00,09:15,Étudiant,Bourse,15
14218,1531,605,2022-12-06,10:00,10:15,Étudiant,Réclamation,15
14219,1803,628,2022-01-25,16:00,16:15,Étudiant,Attestation,15
14220,2140,617,2024-07-23,09:00,09:15,Étudiant,Attestation,15
14221,2113,619,2023-02-03,16:00,16:15,Étudiant,Autre,15
14222,1342,622,2023-03-10,14:00,14:15,Étudiant,Bourse,15
14223,1393,605,2022-11-14,15:00,15:15,Étudiant,Bourse,15
14224,1617,614,2024-06-25,15:00,15:15,Étudiant,Information,15
14225,2196,619,2022-05-03,14:00,14:15,Étudiant,Information,15
14226,2042,623,2022-02-14,08:00,08:15,Étudiant,Attestation,15
14227,1404,605,2024-07-09,11:00,11:15,Étudiant,Attestation,15
14228,1465,615,2023-01-05,15:00,15:15,Étudiant,Réclamation,15
14229,1533,612,2022-09-01,08:00,08:15,Staff,Réclamation,15
14230,1915,605,2023-05-12,10:00,10:15,Étudiant,Bourse,15
14231,1106,628,2024-05-07,08:00,08:15,Étudiant,Réclamation,15
14232,2009,626,2024-07-23,14:00,14:15,Staff,Réclamation,15
14233,1359,622,2023-02-03,09:00,09:15,Étudiant,Réclamation,15
14234,1927,607,2025-02-08,15:00,15:15,Étudiant,Attestation,15
14235,1519,617,2022-11-22,11:00,11:15,Étudiant,Réclamation,15
14236,2075,607,2025-04-19,08:00,08:15,Étudiant,Information,15
14237,1456,605,2023-03-05,16:00,16:15,Étudiant,Attestation,15
14238,1010,627,2021-12-16,11:00,11:15,Staff,Autre,15
14239,1932,616,2023-01-18,08:00,08:15,Étudiant,Bourse,15
14240,1782,616,2024-02-08,15:00,15:15,Étudiant,Réclamation,15
14241,2192,617,2024-07-06,10:00,10:15,Staff,Information,15
14242,1650,615,2024-05-24,08:00,08:15,Étudiant,Bourse,15
14243,1681,608,2022-12-08,09:00,09:15,Staff,Autre,15
14244,1077,606,2022-11-08,11:00,11:15,Étudiant,Bourse,15
14245,1597,626,2024-08-29,15:00,15:15,Étudiant,Attestation,15
14246,1593,622,2023-07-01,11:00,11:15,Étudiant,Information,15
14247,1215,620,2023-10-18,16:00,16:15,Étudiant,Bourse,15
14248,2075,604,2024-04-06,15:00,15:15,Étudiant,Bourse,15
14249,1821,605,2021-11-29,11:00,11:15,Étudiant,Réclamation,15
14250,2177,626,2024-09-12,08:00,08:15,Étudiant,Autre,15
14251,1328,609,2023-08-25,09:00,09:15,Étudiant,Bourse,15
14252,1874,604,2024-03-19,10:00,10:15,Étudiant,Information,15
14253,1310,602,2023-01-16,11:00,11:15,Étudiant,Attestation,15
14254,1047,603,2024-05-02,16:00,16:15,Staff,Attestation,15
14255,1677,611,2024-03-02,10:00,10:15,Étudiant,Information,15
14256,1603,616,2024-03-20,11:00,11:15,Étudiant,Bourse,15
14257,1089,629,2023-09-25,08:00,08:15,Étudiant,Information,15
14258,1622,628,2024-03-17,15:00,15:15,Étudiant,Réclamation,15
14259,2041,619,2023-02-16,15:00,15:15,Staff,Attestation,15
14260,1817,616,2024-06-02,08:00,08:15,Étudiant,Information,15
14261,2056,602,2024-07-30,16:00,16:15,Staff,Bourse,15
14262,1340,610,2021-10-08,16:00,16:15,Étudiant,Autre,15
14263,1004,630,2022-06-05,09:00,09:15,Staff,Attestation,15
14264,1460,610,2024-10-22,09:00,09:15,Étudiant,Attestation,15
14265,1247,625,2024-08-28,11:00,11:15,Staff,Réclamation,15
14266,1038,626,2023-06-03,16:00,16:15,Staff,Bourse,15
14267,1398,602,2025-02-15,15:00,15:15,Étudiant,Bourse,15
14268,1021,607,2024-07-10,16:00,16:15,Staff,Réclamation,15
14269,1216,627,2023-03-06,09:00,09:15,Étudiant,Bourse,15
14270,1451,604,2024-02-21,15:00,15:15,Staff,Bourse,15
14271,1060,626,2024-11-13,10:00,10:15,Étudiant,Réclamation,15
14272,2118,604,2024-10-03,14:00,14:15,Staff,Autre,15
14273,1748,619,2024-09-13,11:00,11:15,Staff,Autre,15
14274,1283,623,2024-04-05,09:00,09:15,Étudiant,Bourse,15
14275,1273,628,2025-04-08,14:00,14:15,Étudiant,Information,15
14276,1294,630,2024-08-11,08:00,08:15,Étudiant,Autre,15
14277,2178,628,2022-12-26,16:00,16:15,Étudiant,Autre,15
14278,2184,604,2023-11-21,09:00,09:15,Staff,Attestation,15
14279,1064,609,2024-01-08,09:00,09:15,Staff,Information,15
14280,1850,630,2024-03-31,14:00,14:15,Étudiant,Bourse,15
14281,1456,618,2021-11-22,16:00,16:15,Étudiant,Attestation,15
14282,1139,630,2023-11-03,14:00,14:15,Staff,Autre,15
14283,1805,616,2023-02-10,14:00,14:15,Étudiant,Attestation,15
14284,1778,623,2024-04-15,15:00,15:15,Étudiant,Autre,15
14285,1834,628,2024-09-06,15:00,15:15,Étudiant,Réclamation,15
14286,1562,619,2023-03-13,16:00,16:15,Staff,Attestation,15
14287,1719,603,2022-05-04,14:00,14:15,Staff,Attestation,15
14288,1539,622,2022-04-05,10:00,10:15,Étudiant,Bourse,15
14289,1359,611,2024-02-19,16:00,16:15,Étudiant,Réclamation,15
14290,1031,624,2024-03-29,09:00,09:15,Étudiant,Attestation,15
14291,1096,617,2024-06-29,15:00,15:15,Staff,Information,15
14292,2031,610,2022-06-05,10:00,10:15,Étudiant,Bourse,15
14293,1269,606,2022-12-04,08:00,08:15,Étudiant,Information,15
14294,1763,606,2022-09-04,11:00,11:15,Étudiant,Attestation,15
14295,1345,616,2023-08-06,16:00,16:15,Étudiant,Bourse,15
14296,1247,623,2023-01-08,08:00,08:15,Étudiant,Réclamation,15
14297,1139,624,2022-11-28,10:00,10:15,Étudiant,Information,15
14298,1479,618,2023-10-26,16:00,16:15,Étudiant,Bourse,15
14299,1900,625,2024-01-04,11:00,11:15,Étudiant,Réclamation,15
14300,1271,615,2024-12-07,11:00,11:15,Étudiant,Information,15
14301,2172,617,2024-04-12,08:00,08:15,Étudiant,Réclamation,15
14302,1722,607,2023-12-14,08:00,08:15,Étudiant,Réclamation,15
14303,1679,621,2023-11-17,15:00,15:15,Étudiant,Information,15
14304,1125,620,2023-04-10,16:00,16:15,Étudiant,Information,15
14305,1532,623,2024-09-07,09:00,09:15,Staff,Autre,15
14306,2033,616,2024-02-12,16:00,16:15,Étudiant,Attestation,15
14307,1595,625,2024-01-23,15:00,15:15,Étudiant,Information,15
14308,1258,619,2022-07-22,14:00,14:15,Staff,Attestation,15
14309,1396,613,2024-06-15,11:00,11:15,Étudiant,Attestation,15
14310,1005,630,2023-06-29,09:00,09:15,Étudiant,Autre,15
14311,1027,601,2022-01-10,08:00,08:15,Staff,Attestation,15
14312,1965,618,2024-05-15,16:00,16:15,Staff,Bourse,15
14313,2062,627,2022-04-28,16:00,16:15,Étudiant,Bourse,15
14314,1977,621,2023-12-16,09:00,09:15,Étudiant,Réclamation,15
14315,2106,616,2022-01-23,14:00,14:15,Étudiant,Attestation,15
14316,1381,611,2022-10-31,09:00,09:15,Staff,Attestation,15
14317,1408,608,2024-07-22,08:00,08:15,Staff,Autre,15
14318,1973,628,2022-07-05,09:00,09:15,Staff,Réclamation,15
14319,1757,609,2025-04-21,10:00,10:15,Étudiant,Réclamation,15
14320,1580,630,2023-04-04,16:00,16:15,Staff,Information,15
14321,2063,630,2022-07-26,11:00,11:15,Étudiant,Information,15
14322,1358,610,2025-01-11,16:00,16:15,Staff,Réclamation,15
14323,1942,630,2024-02-14,16:00,16:15,Étudiant,Attestation,15
14324,1049,614,2024-03-22,10:00,10:15,Étudiant,Information,15
14325,1921,619,2024-10-17,11:00,11:15,Étudiant,Autre,15
14326,1012,622,2023-02-17,09:00,09:15,Étudiant,Information,15
14327,1968,614,2022-05-06,09:00,09:15,Étudiant,Autre,15
14328,1339,607,2024-08-25,16:00,16:15,Staff,Information,15
14329,2149,605,2023-10-10,08:00,08:15,Staff,Réclamation,15
14330,1419,630,2025-01-22,16:00,16:15,Staff,Attestation,15
14331,2061,628,2024-09-20,11:00,11:15,Étudiant,Information,15
14332,1144,606,2024-10-29,08:00,08:15,Étudiant,Autre,15
14333,1169,606,2022-02-05,09:00,09:15,Étudiant,Information,15
14334,2138,604,2022-11-19,10:00,10:15,Étudiant,Réclamation,15
14335,1154,602,2024-02-07,11:00,11:15,Étudiant,Bourse,15
14336,1350,623,2023-11-06,09:00,09:15,Staff,Réclamation,15
14337,1410,607,2022-03-29,14:00,14:15,Étudiant,Réclamation,15
14338,2040,628,2024-01-07,09:00,09:15,Étudiant,Réclamation,15
14339,1998,622,2023-04-19,09:00,09:15,Staff,Bourse,15
14340,2025,609,2024-09-13,09:00,09:15,Étudiant,Attestation,15
14341,1344,612,2022-03-23,16:00,16:15,Staff,Bourse,15
14342,1544,608,2021-12-29,08:00,08:15,Staff,Bourse,15
14343,1143,618,2021-12-05,14:00,14:15,Étudiant,Bourse,15
14344,1242,605,2024-06-21,16:00,16:15,Étudiant,Réclamation,15
14345,1814,622,2024-05-14,14:00,14:15,Étudiant,Information,15
14346,1956,617,2024-01-31,16:00,16:15,Étudiant,Bourse,15
14347,1200,616,2021-10-24,09:00,09:15,Étudiant,Bourse,15
14348,1546,602,2025-01-05,15:00,15:15,Étudiant,Autre,15
14349,1974,612,2025-01-31,09:00,09:15,Étudiant,Attestation,15
14350,1852,629,2022-11-11,11:00,11:15,Étudiant,Autre,15
14351,1231,610,2023-02-11,14:00,14:15,Étudiant,Attestation,15
14352,1780,616,2025-01-02,15:00,15:15,Étudiant,Autre,15
14353,1205,618,2025-02-10,16:00,16:15,Étudiant,Réclamation,15
14354,1315,601,2023-07-01,08:00,08:15,Étudiant,Autre,15
14355,1874,612,2023-03-11,14:00,14:15,Étudiant,Bourse,15
14356,1187,630,2024-07-17,10:00,10:15,Étudiant,Autre,15
14357,1765,630,2023-02-20,08:00,08:15,Étudiant,Information,15
14358,1711,621,2024-09-10,10:00,10:15,Étudiant,Autre,15
14359,1517,602,2022-11-13,15:00,15:15,Staff,Attestation,15
14360,1946,612,2021-12-06,16:00,16:15,Étudiant,Bourse,15
14361,1971,606,2024-09-28,11:00,11:15,Étudiant,Bourse,15
14362,1658,602,2023-07-28,11:00,11:15,Étudiant,Bourse,15
14363,1509,629,2022-08-24,10:00,10:15,Étudiant,Attestation,15
14364,1379,616,2022-07-18,16:00,16:15,Étudiant,Bourse,15
14365,1585,622,2023-10-04,10:00,10:15,Étudiant,Autre,15
14366,1025,608,2023-09-20,10:00,10:15,Étudiant,Attestation,15
14367,1650,618,2024-03-16,14:00,14:15,Étudiant,Bourse,15
14368,1877,616,2023-07-09,10:00,10:15,Staff,Information,15
14369,1769,615,2022-07-02,09:00,09:15,Étudiant,Information,15
14370,2155,601,2024-08-01,09:00,09:15,Étudiant,Information,15
14371,1834,607,2023-06-17,08:00,08:15,Étudiant,Autre,15
14372,1873,606,2021-09-10,11:00,11:15,Étudiant,Information,15
14373,1613,601,2024-05-16,14:00,14:15,Étudiant,Autre,15
14374,1079,615,2024-11-28,16:00,16:15,Étudiant,Bourse,15
14375,1279,606,2024-04-13,15:00,15:15,Étudiant,Autre,15
14376,1800,609,2022-04-17,11:00,11:15,Étudiant,Autre,15
14377,1820,603,2021-10-01,09:00,09:15,Étudiant,Réclamation,15
14378,1729,610,2025-03-23,15:00,15:15,Staff,Réclamation,15
14379,1374,620,2021-10-22,15:00,15:15,Étudiant,Attestation,15
14380,1784,611,2025-02-04,10:00,10:15,Étudiant,Attestation,15
14381,2071,609,2023-06-28,15:00,15:15,Étudiant,Autre,15
14382,1556,619,2023-05-09,08:00,08:15,Staff,Bourse,15
14383,1459,627,2022-05-18,14:00,14:15,Étudiant,Réclamation,15
14384,1274,605,2023-12-02,08:00,08:15,Étudiant,Autre,15
14385,1132,603,2022-12-24,10:00,10:15,Étudiant,Information,15
14386,1832,607,2023-05-08,14:00,14:15,Étudiant,Information,15
14387,2107,624,2025-02-25,09:00,09:15,Étudiant,Attestation,15
14388,1519,613,2023-08-19,14:00,14:15,Étudiant,Attestation,15
14389,1539,608,2024-04-29,08:00,08:15,Staff,Réclamation,15
14390,1768,620,2022-04-03,11:00,11:15,Staff,Bourse,15
14391,1329,614,2022-02-12,11:00,11:15,Étudiant,Attestation,15
14392,1539,611,2021-11-08,14:00,14:15,Étudiant,Information,15
14393,1157,625,2022-10-17,15:00,15:15,Étudiant,Réclamation,15
14394,1814,604,2024-03-04,15:00,15:15,Étudiant,Bourse,15
14395,1103,617,2024-01-12,10:00,10:15,Staff,Autre,15
14396,1997,612,2025-01-29,14:00,14:15,Staff,Réclamation,15
14397,1656,607,2024-07-02,16:00,16:15,Étudiant,Information,15
14398,1977,618,2024-12-23,14:00,14:15,Staff,Autre,15
14399,1859,617,2022-02-14,11:00,11:15,Étudiant,Attestation,15
14400,1676,603,2025-03-01,11:00,11:15,Étudiant,Attestation,15
14401,2040,618,2024-11-20,14:00,14:15,Étudiant,Information,15
14402,1621,623,2023-04-09,15:00,15:15,Étudiant,Information,15
14403,1371,603,2022-10-03,16:00,16:15,Étudiant,Information,15
14404,2043,625,2025-04-04,11:00,11:15,Étudiant,Réclamation,15
14405,1945,610,2023-04-24,10:00,10:15,Étudiant,Information,15
14406,1813,602,2024-04-04,08:00,08:15,Étudiant,Autre,15
14407,1701,624,2025-03-30,16:00,16:15,Étudiant,Réclamation,15
14408,2040,622,2024-10-05,15:00,15:15,Étudiant,Bourse,15
14409,1765,628,2023-06-02,14:00,14:15,Staff,Information,15
14410,1475,630,2023-04-04,16:00,16:15,Étudiant,Bourse,15
14411,1748,610,2024-04-13,15:00,15:15,Étudiant,Attestation,15
14412,1659,614,2022-01-24,15:00,15:15,Étudiant,Réclamation,15
14413,1930,602,2022-07-05,11:00,11:15,Étudiant,Attestation,15
14414,1785,606,2025-04-08,10:00,10:15,Étudiant,Information,15
14415,2157,618,2023-12-01,16:00,16:15,Étudiant,Attestation,15
14416,1753,605,2024-09-10,08:00,08:15,Étudiant,Information,15
14417,1055,602,2024-12-17,09:00,09:15,Staff,Autre,15
14418,1816,608,2023-06-30,10:00,10:15,Staff,Attestation,15
14419,1569,630,2024-01-14,15:00,15:15,Étudiant,Information,15
14420,1823,621,2021-11-20,11:00,11:15,Étudiant,Réclamation,15
14421,1412,628,2024-10-30,16:00,16:15,Staff,Bourse,15
14422,1686,611,2023-01-02,11:00,11:15,Étudiant,Autre,15
14423,2067,607,2022-11-06,14:00,14:15,Staff,Bourse,15
14424,1183,609,2022-12-09,15:00,15:15,Étudiant,Autre,15
14425,1317,612,2023-01-23,15:00,15:15,Staff,Réclamation,15
14426,2184,622,2024-07-13,10:00,10:15,Étudiant,Bourse,15
14427,1357,624,2024-06-24,16:00,16:15,Staff,Attestation,15
14428,1891,611,2023-11-16,11:00,11:15,Étudiant,Bourse,15
14429,1919,630,2023-02-12,11:00,11:15,Étudiant,Attestation,15
14430,1044,601,2021-11-11,14:00,14:15,Étudiant,Bourse,15
14431,1001,602,2024-09-04,08:00,08:15,Étudiant,Attestation,15
14432,1857,613,2022-10-26,09:00,09:15,Étudiant,Information,15
14433,2149,601,2022-03-04,11:00,11:15,Étudiant,Autre,15
14434,1832,626,2024-07-14,16:00,16:15,Étudiant,Réclamation,15
14435,2189,629,2023-05-25,15:00,15:15,Étudiant,Attestation,15
14436,2013,623,2023-11-11,09:00,09:15,Étudiant,Information,15
14437,1008,605,2023-12-27,10:00,10:15,Staff,Autre,15
14438,1332,612,2023-04-28,16:00,16:15,Étudiant,Attestation,15
14439,1273,627,2022-02-22,09:00,09:15,Étudiant,Autre,15
14440,1413,612,2022-04-27,10:00,10:15,Étudiant,Bourse,15
14441,2200,629,2024-03-23,10:00,10:15,Staff,Bourse,15
14442,1951,628,2024-05-13,08:00,08:15,Étudiant,Information,15
14443,1770,606,2023-11-17,08:00,08:15,Étudiant,Réclamation,15
14444,1389,607,2022-06-07,14:00,14:15,Étudiant,Autre,15
14445,1100,625,2021-10-21,08:00,08:15,Étudiant,Information,15
14446,1899,615,2021-12-01,08:00,08:15,Étudiant,Réclamation,15
14447,1041,618,2023-05-25,11:00,11:15,Étudiant,Bourse,15
14448,1769,609,2023-04-30,14:00,14:15,Étudiant,Autre,15
14449,1663,601,2022-04-28,11:00,11:15,Staff,Information,15
14450,1415,604,2024-09-26,16:00,16:15,Étudiant,Bourse,15
14451,1237,628,2022-10-25,09:00,09:15,Étudiant,Réclamation,15
14452,2022,613,2022-12-08,10:00,10:15,Staff,Bourse,15
14453,2004,610,2022-03-31,16:00,16:15,Étudiant,Attestation,15
14454,1454,615,2025-03-31,08:00,08:15,Étudiant,Réclamation,15
14455,1219,613,2022-04-03,10:00,10:15,Étudiant,Réclamation,15
14456,1837,623,2024-10-24,15:00,15:15,Étudiant,Information,15
14457,2184,618,2024-08-17,15:00,15:15,Étudiant,Bourse,15
14458,1930,622,2022-09-24,14:00,14:15,Étudiant,Bourse,15
14459,1912,617,2025-04-19,09:00,09:15,Étudiant,Information,15
14460,2077,610,2021-11-05,09:00,09:15,Étudiant,Autre,15
14461,1737,612,2023-12-26,09:00,09:15,Étudiant,Réclamation,15
14462,1290,603,2021-10-05,08:00,08:15,Étudiant,Autre,15
14463,1166,609,2024-11-04,16:00,16:15,Étudiant,Autre,15
14464,1265,611,2024-12-21,10:00,10:15,Étudiant,Bourse,15
14465,1749,608,2023-07-22,14:00,14:15,Étudiant,Attestation,15
14466,2173,613,2022-02-19,16:00,16:15,Étudiant,Réclamation,15
14467,2000,602,2023-03-11,14:00,14:15,Staff,Réclamation,15
14468,1594,609,2025-03-01,16:00,16:15,Étudiant,Réclamation,15
14469,1206,609,2024-12-17,14:00,14:15,Étudiant,Réclamation,15
14470,1145,601,2022-06-30,16:00,16:15,Étudiant,Bourse,15
14471,1420,617,2021-11-16,15:00,15:15,Étudiant,Autre,15
14472,1926,603,2024-05-03,08:00,08:15,Staff,Bourse,15
14473,1046,628,2025-03-24,11:00,11:15,Étudiant,Réclamation,15
14474,1290,630,2022-05-28,08:00,08:15,Étudiant,Attestation,15
14475,1587,614,2021-09-13,08:00,08:15,Étudiant,Autre,15
14476,1966,612,2024-05-21,14:00,14:15,Étudiant,Bourse,15
14477,1124,617,2022-02-13,08:00,08:15,Staff,Réclamation,15
14478,1643,610,2024-10-03,11:00,11:15,Étudiant,Bourse,15
14479,1679,623,2023-08-12,15:00,15:15,Étudiant,Information,15
14480,1292,606,2024-07-26,11:00,11:15,Staff,Bourse,15
14481,1660,626,2025-02-16,08:00,08:15,Étudiant,Réclamation,15
14482,1194,615,2023-04-04,16:00,16:15,Étudiant,Attestation,15
14483,1784,616,2021-10-07,10:00,10:15,Étudiant,Bourse,15
14484,1295,620,2025-01-12,15:00,15:15,Étudiant,Bourse,15
14485,2175,627,2025-04-13,11:00,11:15,Étudiant,Attestation,15
14486,1779,609,2024-04-11,08:00,08:15,Étudiant,Autre,15
14487,1291,623,2025-04-16,11:00,11:15,Staff,Bourse,15
14488,2075,625,2023-07-17,16:00,16:15,Staff,Bourse,15
14489,2180,622,2024-10-25,15:00,15:15,Étudiant,Réclamation,15
14490,1747,621,2022-02-17,11:00,11:15,Étudiant,Bourse,15
14491,1952,616,2021-12-21,10:00,10:15,Staff,Attestation,15
14492,2068,607,2021-11-21,10:00,10:15,Staff,Attestation,15
14493,1266,615,2024-03-03,11:00,11:15,Étudiant,Bourse,15
14494,1703,607,2022-08-15,10:00,10:15,Étudiant,Autre,15
14495,1629,607,2022-07-20,11:00,11:15,Étudiant,Autre,15
14496,1809,625,2022-12-24,09:00,09:15,Étudiant,Bourse,15
14497,1120,614,2022-05-20,10:00,10:15,Staff,Bourse,15
14498,1432,615,2023-05-16,14:00,14:15,Étudiant,Bourse,15
14499,1006,603,2022-06-08,09:00,09:15,Staff,Réclamation,15
14500,1869,616,2023-12-21,10:00,10:15,Étudiant,Réclamation,15
14501,2086,602,2021-11-01,09:00,09:15,Étudiant,Autre,15
14502,1605,629,2023-07-02,15:00,15:15,Étudiant,Attestation,15
14503,1339,602,2024-09-13,10:00,10:15,Étudiant,Bourse,15
14504,1216,628,2024-12-11,11:00,11:15,Staff,Attestation,15
14505,1041,609,2022-05-06,15:00,15:15,Étudiant,Réclamation,15
14506,1074,612,2022-11-18,09:00,09:15,Staff,Attestation,15
14507,1110,627,2024-12-09,14:00,14:15,Étudiant,Autre,15
14508,1495,627,2024-12-17,16:00,16:15,Étudiant,Réclamation,15
14509,2188,627,2021-11-24,15:00,15:15,Étudiant,Information,15
14510,2084,630,2021-10-11,08:00,08:15,Étudiant,Information,15
14511,1598,622,2023-12-07,14:00,14:15,Étudiant,Autre,15
14512,1671,617,2023-11-13,10:00,10:15,Staff,Réclamation,15
14513,1720,606,2022-07-16,09:00,09:15,Étudiant,Information,15
14514,2071,612,2024-02-18,11:00,11:15,Étudiant,Information,15
14515,1891,627,2023-07-20,10:00,10:15,Étudiant,Réclamation,15
14516,2191,606,2023-06-01,09:00,09:15,Étudiant,Information,15
14517,1048,603,2024-06-08,10:00,10:15,Staff,Autre,15
14518,1737,605,2022-11-05,09:00,09:15,Staff,Information,15
14519,1573,605,2024-02-21,10:00,10:15,Étudiant,Bourse,15
14520,1870,613,2022-08-21,08:00,08:15,Staff,Attestation,15
14521,1358,607,2025-02-07,10:00,10:15,Étudiant,Autre,15
14522,2122,615,2022-03-29,10:00,10:15,Étudiant,Attestation,15
14523,1045,624,2023-04-13,09:00,09:15,Étudiant,Bourse,15
14524,2022,615,2023-06-14,11:00,11:15,Étudiant,Autre,15
14525,1363,609,2022-11-26,08:00,08:15,Staff,Attestation,15
14526,1503,617,2023-04-17,14:00,14:15,Staff,Information,15
14527,1301,625,2022-11-11,11:00,11:15,Étudiant,Bourse,15
14528,1693,621,2022-01-18,11:00,11:15,Étudiant,Réclamation,15
14529,1957,607,2022-10-23,09:00,09:15,Staff,Réclamation,15
14530,1885,607,2024-05-17,11:00,11:15,Staff,Attestation,15
14531,2099,612,2024-02-07,10:00,10:15,Étudiant,Autre,15
14532,1883,612,2022-06-20,11:00,11:15,Étudiant,Réclamation,15
14533,1796,628,2025-03-13,16:00,16:15,Staff,Autre,15
14534,1708,622,2024-12-15,08:00,08:15,Étudiant,Autre,15
14535,1449,621,2024-11-11,11:00,11:15,Staff,Attestation,15
14536,2007,625,2025-04-04,09:00,09:15,Étudiant,Autre,15
14537,1211,630,2023-06-19,14:00,14:15,Staff,Réclamation,15
14538,1260,619,2025-04-08,10:00,10:15,Étudiant,Autre,15
14539,2090,615,2022-10-14,11:00,11:15,Staff,Information,15
14540,1044,615,2022-04-23,14:00,14:15,Étudiant,Réclamation,15
14541,1811,603,2021-10-19,10:00,10:15,Staff,Attestation,15
14542,1724,612,2023-08-12,16:00,16:15,Étudiant,Attestation,15
14543,1613,626,2021-11-28,11:00,11:15,Étudiant,Autre,15
14544,1252,618,2025-03-05,14:00,14:15,Staff,Autre,15
14545,1781,629,2023-12-02,16:00,16:15,Staff,Attestation,15
14546,2137,617,2022-02-24,10:00,10:15,Staff,Autre,15
14547,2000,603,2021-10-27,08:00,08:15,Étudiant,Autre,15
14548,1259,619,2024-02-15,16:00,16:15,Étudiant,Information,15
14549,1163,624,2021-09-17,16:00,16:15,Étudiant,Bourse,15
14550,1438,621,2023-12-29,14:00,14:15,Staff,Attestation,15
14551,1832,606,2023-08-31,16:00,16:15,Étudiant,Réclamation,15
14552,1800,602,2022-09-17,08:00,08:15,Staff,Réclamation,15
14553,1198,613,2025-04-01,08:00,08:15,Étudiant,Autre,15
14554,1022,611,2024-05-14,11:00,11:15,Étudiant,Réclamation,15
14555,1312,628,2023-01-19,10:00,10:15,Staff,Information,15
14556,1257,624,2024-10-04,16:00,16:15,Étudiant,Attestation,15
14557,1610,623,2025-01-21,16:00,16:15,Staff,Information,15
14558,1003,623,2022-02-19,14:00,14:15,Staff,Bourse,15
14559,2018,623,2023-01-20,09:00,09:15,Étudiant,Attestation,15
14560,1971,626,2021-11-05,16:00,16:15,Étudiant,Bourse,15
14561,1926,612,2022-05-17,10:00,10:15,Staff,Autre,15
14562,1371,608,2022-06-14,08:00,08:15,Staff,Attestation,15
14563,1613,617,2022-10-21,16:00,16:15,Étudiant,Autre,15
14564,1126,611,2024-10-29,16:00,16:15,Staff,Information,15
14565,1419,629,2023-01-28,16:00,16:15,Staff,Attestation,15
14566,1162,624,2024-02-24,09:00,09:15,Staff,Attestation,15
14567,1574,627,2025-04-16,15:00,15:15,Étudiant,Information,15
14568,1137,626,2022-11-04,16:00,16:15,Étudiant,Attestation,15
14569,1792,625,2024-08-11,15:00,15:15,Étudiant,Information,15
14570,1137,619,2021-10-04,15:00,15:15,Étudiant,Autre,15
14571,1429,612,2024-06-10,14:00,14:15,Staff,Attestation,15
14572,1605,612,2023-06-17,10:00,10:15,Étudiant,Autre,15
14573,2121,604,2022-09-24,08:00,08:15,Étudiant,Bourse,15
14574,1736,610,2022-03-14,09:00,09:15,Staff,Information,15
14575,2189,616,2021-09-08,14:00,14:15,Étudiant,Bourse,15
14576,1212,608,2023-02-07,16:00,16:15,Étudiant,Réclamation,15
14577,1044,630,2025-04-26,16:00,16:15,Étudiant,Réclamation,15
14578,1013,615,2023-03-24,15:00,15:15,Étudiant,Information,15
14579,1989,604,2023-02-03,16:00,16:15,Étudiant,Autre,15
14580,1267,621,2023-10-28,15:00,15:15,Staff,Autre,15
14581,1838,618,2023-03-07,09:00,09:15,Étudiant,Attestation,15
14582,1606,629,2022-09-24,08:00,08:15,Étudiant,Réclamation,15
14583,1577,618,2022-12-24,16:00,16:15,Étudiant,Attestation,15
14584,1274,625,2024-04-17,16:00,16:15,Étudiant,Attestation,15
14585,2090,628,2024-02-20,16:00,16:15,Étudiant,Réclamation,15
14586,2061,609,2023-08-12,15:00,15:15,Étudiant,Réclamation,15
14587,1111,606,2024-09-02,10:00,10:15,Étudiant,Bourse,15
14588,1991,613,2022-07-28,11:00,11:15,Étudiant,Attestation,15
14589,2135,602,2022-05-24,08:00,08:15,Étudiant,Information,15
14590,1994,605,2024-02-06,16:00,16:15,Étudiant,Réclamation,15
14591,1394,625,2022-08-29,11:00,11:15,Étudiant,Réclamation,15
14592,1719,629,2023-02-04,10:00,10:15,Étudiant,Attestation,15
14593,1831,615,2024-12-19,08:00,08:15,Étudiant,Information,15
14594,1295,603,2023-05-02,15:00,15:15,Staff,Attestation,15
14595,1031,614,2024-10-15,09:00,09:15,Étudiant,Bourse,15
14596,1410,627,2023-03-21,10:00,10:15,Staff,Information,15
14597,2063,609,2022-03-30,08:00,08:15,Étudiant,Bourse,15
14598,1709,609,2023-07-12,11:00,11:15,Étudiant,Bourse,15
14599,1489,611,2022-12-14,11:00,11:15,Staff,Bourse,15
14600,1935,605,2023-02-11,14:00,14:15,Étudiant,Réclamation,15
14601,2066,620,2024-08-04,11:00,11:15,Étudiant,Autre,15
14602,1397,606,2025-04-25,15:00,15:15,Étudiant,Bourse,15
14603,1453,611,2023-07-13,16:00,16:15,Étudiant,Attestation,15
14604,1917,630,2022-09-13,09:00,09:15,Étudiant,Information,15
14605,1811,621,2023-02-18,15:00,15:15,Staff,Autre,15
14606,1472,617,2021-09-16,09:00,09:15,Staff,Réclamation,15
14607,1227,608,2024-06-04,16:00,16:15,Étudiant,Information,15
14608,2082,629,2021-09-20,10:00,10:15,Staff,Information,15
14609,1687,605,2024-06-02,15:00,15:15,Staff,Bourse,15
14610,1169,628,2022-09-09,16:00,16:15,Étudiant,Bourse,15
14611,1626,601,2021-12-02,08:00,08:15,Étudiant,Bourse,15
14612,1576,605,2022-11-14,15:00,15:15,Staff,Attestation,15
14613,2117,616,2022-09-20,09:00,09:15,Étudiant,Bourse,15
14614,1764,630,2024-10-07,10:00,10:15,Étudiant,Bourse,15
14615,1068,626,2023-09-06,16:00,16:15,Étudiant,Attestation,15
14616,1643,622,2022-05-15,08:00,08:15,Staff,Information,15
14617,1407,613,2023-01-05,14:00,14:15,Étudiant,Information,15
14618,1574,621,2023-12-30,14:00,14:15,Étudiant,Bourse,15
14619,1694,617,2023-12-13,16:00,16:15,Étudiant,Information,15
14620,1146,620,2025-02-27,10:00,10:15,Étudiant,Autre,15
14621,1658,628,2024-05-10,14:00,14:15,Étudiant,Attestation,15
14622,1635,610,2022-11-25,15:00,15:15,Étudiant,Réclamation,15
14623,1331,620,2023-06-19,09:00,09:15,Étudiant,Information,15
14624,1389,616,2024-06-16,11:00,11:15,Étudiant,Réclamation,15
14625,1320,618,2024-12-04,10:00,10:15,Staff,Bourse,15
14626,2114,617,2022-03-01,14:00,14:15,Étudiant,Information,15
14627,1858,613,2022-04-11,11:00,11:15,Étudiant,Bourse,15
14628,1614,606,2023-01-13,16:00,16:15,Staff,Autre,15
14629,1168,604,2021-11-11,14:00,14:15,Étudiant,Réclamation,15
14630,1231,613,2023-02-14,15:00,15:15,Étudiant,Autre,15
14631,1952,615,2022-08-19,10:00,10:15,Étudiant,Attestation,15
14632,1531,622,2023-08-31,15:00,15:15,Étudiant,Autre,15
14633,1534,629,2022-04-22,08:00,08:15,Étudiant,Attestation,15
14634,1554,616,2024-01-26,10:00,10:15,Staff,Information,15
14635,1372,630,2023-08-25,08:00,08:15,Étudiant,Information,15
14636,1561,620,2024-05-16,15:00,15:15,Étudiant,Attestation,15
14637,1463,612,2024-03-27,10:00,10:15,Étudiant,Attestation,15
14638,1509,609,2022-10-16,14:00,14:15,Staff,Réclamation,15
14639,2158,607,2023-12-26,09:00,09:15,Étudiant,Bourse,15
14640,1667,614,2023-05-12,15:00,15:15,Étudiant,Réclamation,15
14641,2090,605,2022-04-11,10:00,10:15,Étudiant,Bourse,15
14642,1108,620,2022-11-12,16:00,16:15,Étudiant,Réclamation,15
14643,1075,611,2024-05-25,11:00,11:15,Étudiant,Autre,15
14644,1837,624,2024-01-23,11:00,11:15,Étudiant,Réclamation,15
14645,1344,609,2024-02-04,08:00,08:15,Staff,Autre,15
14646,1448,608,2024-09-27,15:00,15:15,Étudiant,Réclamation,15
14647,1640,613,2023-02-11,08:00,08:15,Étudiant,Information,15
14648,1788,619,2024-12-01,16:00,16:15,Étudiant,Bourse,15
14649,1307,612,2024-07-09,14:00,14:15,Étudiant,Bourse,15
14650,1587,621,2025-02-11,08:00,08:15,Étudiant,Autre,15
14651,1437,625,2022-12-03,11:00,11:15,Étudiant,Réclamation,15
14652,1327,620,2025-04-02,15:00,15:15,Étudiant,Attestation,15
14653,1173,625,2024-07-30,09:00,09:15,Étudiant,Attestation,15
14654,2055,614,2023-11-10,15:00,15:15,Étudiant,Information,15
14655,1540,625,2023-02-23,16:00,16:15,Étudiant,Information,15
14656,2077,630,2024-08-09,11:00,11:15,Étudiant,Information,15
14657,1007,615,2022-10-14,09:00,09:15,Étudiant,Attestation,15
14658,1199,613,2024-08-25,08:00,08:15,Étudiant,Autre,15
14659,1235,622,2023-02-01,10:00,10:15,Staff,Autre,15
14660,2021,622,2022-06-21,11:00,11:15,Étudiant,Attestation,15
14661,1957,622,2024-06-29,15:00,15:15,Staff,Attestation,15
14662,1468,624,2022-04-22,10:00,10:15,Étudiant,Autre,15
14663,1947,609,2024-10-13,15:00,15:15,Staff,Attestation,15
14664,1557,603,2023-08-20,16:00,16:15,Étudiant,Autre,15
14665,2200,619,2022-01-11,14:00,14:15,Staff,Réclamation,15
14666,1653,622,2025-01-15,14:00,14:15,Étudiant,Attestation,15
14667,1592,606,2022-05-09,11:00,11:15,Étudiant,Information,15
14668,1269,605,2022-02-11,10:00,10:15,Étudiant,Information,15
14669,1608,612,2023-05-29,08:00,08:15,Staff,Attestation,15
14670,1341,617,2022-08-10,16:00,16:15,Étudiant,Réclamation,15
14671,1448,621,2024-06-23,14:00,14:15,Étudiant,Information,15
14672,1237,602,2021-11-01,14:00,14:15,Staff,Bourse,15
14673,1566,608,2023-08-09,11:00,11:15,Étudiant,Attestation,15
14674,1239,602,2024-10-14,14:00,14:15,Staff,Attestation,15
14675,2193,630,2023-05-31,15:00,15:15,Staff,Bourse,15
14676,1075,627,2023-02-05,11:00,11:15,Étudiant,Attestation,15
14677,1735,609,2022-07-06,14:00,14:15,Étudiant,Autre,15
14678,1938,629,2024-11-21,15:00,15:15,Étudiant,Bourse,15
14679,1467,604,2023-11-29,16:00,16:15,Étudiant,Réclamation,15
14680,1147,601,2021-12-17,14:00,14:15,Étudiant,Autre,15
14681,1906,627,2024-02-08,11:00,11:15,Staff,Attestation,15
14682,1265,624,2023-03-04,15:00,15:15,Staff,Autre,15
14683,1920,620,2023-09-06,16:00,16:15,Étudiant,Attestation,15
14684,1571,622,2022-11-11,10:00,10:15,Staff,Attestation,15
14685,1307,624,2023-11-03,10:00,10:15,Staff,Autre,15
14686,1738,619,2022-07-23,09:00,09:15,Étudiant,Autre,15
14687,2092,617,2023-03-28,16:00,16:15,Étudiant,Information,15
14688,1162,618,2023-11-25,14:00,14:15,Étudiant,Information,15
14689,2062,623,2023-04-02,16:00,16:15,Étudiant,Réclamation,15
14690,1165,605,2022-02-03,09:00,09:15,Staff,Bourse,15
14691,1778,602,2023-03-31,14:00,14:15,Étudiant,Réclamation,15
14692,1419,625,2025-01-16,15:00,15:15,Étudiant,Information,15
14693,1803,605,2021-11-26,15:00,15:15,Staff,Information,15
14694,1685,605,2022-06-21,09:00,09:15,Étudiant,Information,15
14695,1430,613,2023-03-08,15:00,15:15,Étudiant,Attestation,15
14696,2062,626,2022-04-16,09:00,09:15,Étudiant,Autre,15
14697,1657,616,2024-04-29,08:00,08:15,Étudiant,Attestation,15
14698,2039,609,2024-02-03,09:00,09:15,Staff,Information,15
14699,2032,616,2023-10-06,10:00,10:15,Étudiant,Attestation,15
14700,1882,609,2021-12-17,14:00,14:15,Étudiant,Information,15
