id_charge,id_etudiant,semaine,heures_cours,heures_devoirs,heures_projets,heures_temps_mort,charge_totale
15001,1512,2023-S01,23.3,3.9,1.0,1.5,29.7
15002,1512,2023-S02,24.5,8.5,3.9,3.1,40.0
15003,1512,2023-S03,16.9,3.1,2.3,4.7,27.0
15004,1512,2023-S04,16.1,9.6,4.9,1.9,32.5
15005,1512,2023-S05,22.2,6.0,4.2,2.5,34.9
15006,1512,2023-S06,11.4,2.8,4.6,3.1,21.9
15007,1512,2023-S07,16.4,4.1,2.0,4.7,27.2
15008,1512,2023-S08,23.7,8.0,1.5,4.8,38.0
15009,1512,2023-S09,21.6,4.7,1.9,2.8,31.0
15010,1512,2023-S10,20.4,5.2,2.3,2.7,30.6
15011,1512,2023-S11,23.0,5.5,5.3,2.5,36.3
15012,1512,2023-S12,13.8,4.3,4.2,4.3,26.6
15013,1512,2023-S13,18.7,7.2,2.1,2.8,30.8
15014,1512,2023-S14,18.7,5.6,3.1,2.5,29.9
15015,1512,2023-S15,17.4,2.6,5.1,3.8,28.9
15016,1512,2023-S16,14.5,6.4,5.3,2.7,28.9
15017,1512,2023-S17,23.4,2.6,2.8,4.3,33.1
15018,1512,2023-S18,23.4,8.5,1.7,3.7,37.3
15019,1512,2023-S19,24.4,9.8,4.5,3.5,42.2
15020,1512,2023-S20,13.7,9.9,3.6,2.0,29.2
15021,1512,2023-S21,18.9,7.6,1.2,4.1,31.8
15022,1512,2023-S22,17.5,6.6,3.2,3.9,31.2
15023,1512,2023-S23,12.7,2.1,5.0,1.3,21.1
15024,1512,2023-S24,23.8,2.6,5.7,1.1,33.2
15025,1512,2023-S25,19.6,3.8,3.0,3.1,29.5
15026,1512,2023-S26,22.9,4.3,4.0,3.4,34.6
15027,1512,2023-S27,17.4,3.6,3.4,2.1,26.5
15028,1512,2023-S28,17.4,3.4,2.4,2.8,26.0
15029,1512,2023-S29,24.3,6.6,2.7,4.4,38.0
15030,1512,2023-S30,14.1,8.1,3.2,2.0,27.4
15031,1512,2023-S31,12.4,5.7,3.0,2.0,23.1
15032,1512,2023-S32,23.8,3.4,3.7,2.9,33.8
15033,1512,2023-S33,11.7,2.7,5.9,3.4,23.7
15034,1512,2023-S34,22.6,4.3,2.5,3.6,33.0
15035,1043,2023-S01,18.4,6.7,2.1,4.3,31.5
15036,1043,2023-S02,14.1,2.3,1.1,1.7,19.2
15037,1043,2023-S03,20.2,9.6,5.8,4.8,40.4
15038,1043,2023-S04,20.9,4.2,5.9,4.8,35.8
15039,1043,2023-S05,12.5,2.3,2.2,4.8,21.8
15040,1043,2023-S06,15.7,2.3,1.2,4.2,23.4
15041,1043,2023-S07,12.7,3.1,4.1,3.4,23.3
15042,1043,2023-S08,19.6,5.1,3.4,2.3,30.4
15043,1043,2023-S09,11.9,7.0,3.8,1.9,24.6
15044,1043,2023-S10,11.5,5.8,5.9,3.4,26.6
15045,1043,2023-S11,10.8,6.0,2.5,1.5,20.8
15046,1043,2023-S12,21.4,8.1,2.5,1.7,33.7
15047,1043,2023-S13,16.3,4.4,5.6,4.1,30.4
15048,1043,2023-S14,11.0,6.2,1.0,1.9,20.1
15049,1043,2023-S15,14.0,5.6,4.5,2.7,26.8
15050,1043,2023-S16,21.3,6.8,3.7,2.1,33.9
15051,1043,2023-S17,13.6,2.6,4.8,2.6,23.6
15052,1043,2023-S18,17.5,2.0,4.4,1.7,25.6
15053,1043,2023-S19,18.4,2.3,1.6,2.6,24.9
15054,1043,2023-S20,16.0,4.5,2.7,2.6,25.8
15055,1043,2023-S21,19.2,9.8,6.0,3.5,38.5
15056,1043,2023-S22,21.3,5.8,5.9,4.3,37.3
15057,1043,2023-S23,10.9,9.9,1.4,2.5,24.7
15058,1043,2023-S24,10.4,6.7,2.2,2.8,22.1
15059,1043,2023-S25,11.7,2.7,5.8,4.8,25.0
15060,1043,2023-S26,10.4,8.7,4.7,2.0,25.8
15061,1043,2023-S27,24.4,6.2,4.0,1.5,36.1
15062,1043,2023-S28,18.1,8.7,1.8,1.5,30.1
15063,1043,2023-S29,12.3,3.9,4.4,3.9,24.5
15064,1043,2023-S30,11.2,6.4,3.5,4.6,25.7
15065,1043,2023-S31,21.9,2.4,3.5,1.9,29.7
15066,1043,2023-S32,12.2,3.3,5.5,3.5,24.5
15067,1043,2023-S33,13.2,9.7,4.3,2.5,29.7
15068,1043,2023-S34,24.4,7.0,2.1,2.5,36.0
15069,1969,2023-S01,24.5,6.7,2.4,1.6,35.2
15070,1969,2023-S02,22.3,3.4,1.7,4.6,32.0
15071,1969,2023-S03,14.3,5.8,3.5,2.0,25.6
15072,1969,2023-S04,13.7,4.4,2.2,3.5,23.8
15073,1969,2023-S05,10.7,9.1,4.4,1.9,26.1
15074,1969,2023-S06,12.0,7.3,2.7,1.4,23.4
15075,1969,2023-S07,19.8,9.4,5.7,3.1,38.0
15076,1969,2023-S08,14.6,4.2,5.5,4.3,28.6
15077,1969,2023-S09,13.3,7.0,5.0,4.2,29.5
15078,1969,2023-S10,20.4,7.8,3.6,1.3,33.1
15079,1969,2023-S11,21.2,7.7,5.7,2.2,36.8
15080,1969,2023-S12,23.7,7.3,2.4,4.2,37.6
15081,1969,2023-S13,12.6,5.5,2.1,4.2,24.4
15082,1969,2023-S14,17.4,3.3,3.6,3.0,27.3
15083,1969,2023-S15,12.2,8.1,2.1,3.0,25.4
15084,1969,2023-S16,13.9,6.4,5.1,4.3,29.7
15085,1969,2023-S17,19.1,6.9,3.0,2.8,31.8
15086,1969,2023-S18,15.5,2.7,5.7,2.4,26.3
15087,1969,2023-S19,21.6,6.8,2.4,3.9,34.7
15088,1969,2023-S20,12.1,10.0,5.5,2.9,30.5
15089,1969,2023-S21,13.3,3.2,3.8,1.7,22.0
15090,1969,2023-S22,13.5,9.8,2.3,1.9,27.5
15091,1969,2023-S23,17.3,4.8,5.9,2.8,30.8
15092,1969,2023-S24,19.5,8.6,2.1,3.2,33.4
15093,1969,2023-S25,11.4,9.8,2.0,4.6,27.8
15094,1969,2023-S26,11.6,9.3,2.9,1.9,25.7
15095,1969,2023-S27,12.2,9.3,2.3,4.8,28.6
15096,1969,2023-S28,20.4,6.9,3.2,2.4,32.9
15097,1969,2023-S29,16.6,4.8,1.5,4.5,27.4
15098,1969,2023-S30,11.4,7.0,1.4,3.2,23.0
15099,1969,2023-S31,23.6,8.3,2.1,2.5,36.5
15100,1969,2023-S32,12.5,7.1,5.0,2.3,26.9
15101,1969,2023-S33,11.8,4.7,3.8,1.5,21.8
15102,1969,2023-S34,21.6,7.7,2.2,2.0,33.5
15103,1424,2023-S01,11.2,3.9,2.0,3.6,20.7
15104,1424,2023-S02,10.4,7.3,4.3,1.5,23.5
15105,1424,2023-S03,11.2,9.5,2.1,4.3,27.1
15106,1424,2023-S04,25.0,8.8,4.2,4.1,42.1
15107,1424,2023-S05,10.6,8.4,3.7,3.5,26.2
15108,1424,2023-S06,23.1,6.5,4.7,2.7,37.0
15109,1424,2023-S07,13.5,8.0,1.1,3.5,26.1
15110,1424,2023-S08,16.2,4.3,5.8,2.6,28.9
15111,1424,2023-S09,13.4,6.8,4.1,4.4,28.7
15112,1424,2023-S10,14.7,5.4,5.7,3.3,29.1
15113,1424,2023-S11,19.4,8.1,3.9,4.8,36.2
15114,1424,2023-S12,11.3,2.1,4.1,3.1,20.6
15115,1424,2023-S13,18.7,3.7,5.3,2.3,30.0
15116,1424,2023-S14,22.2,4.0,5.7,2.5,34.4
15117,1424,2023-S15,11.9,7.8,4.0,4.4,28.1
15118,1424,2023-S16,21.2,3.5,4.4,1.5,30.6
15119,1424,2023-S17,20.5,2.7,2.2,4.8,30.2
15120,1424,2023-S18,10.2,5.2,2.6,1.8,19.8
15121,1424,2023-S19,12.6,6.8,5.8,4.7,29.9
15122,1424,2023-S20,24.5,2.6,1.5,3.2,31.8
15123,1424,2023-S21,15.7,9.1,4.8,4.9,34.5
15124,1424,2023-S22,15.1,10.0,2.9,4.3,32.3
15125,1424,2023-S23,21.6,8.6,5.6,4.2,40.0
15126,1424,2023-S24,19.1,3.2,4.1,4.1,30.5
15127,1424,2023-S25,23.9,6.8,3.8,2.7,37.2
15128,1424,2023-S26,10.3,6.2,1.0,2.8,20.3
15129,1424,2023-S27,13.0,3.3,1.2,1.1,18.6
15130,1424,2023-S28,17.9,8.2,3.7,4.4,34.2
15131,1424,2023-S29,19.9,9.3,1.4,3.8,34.4
15132,1424,2023-S30,14.0,5.7,1.6,4.5,25.8
15133,1424,2023-S31,10.3,4.9,3.8,3.1,22.1
15134,1424,2023-S32,19.9,3.8,4.8,3.5,32.0
15135,1424,2023-S33,10.1,9.0,4.7,1.6,25.4
15136,1424,2023-S34,23.2,8.5,2.2,2.7,36.6
15137,1715,2023-S01,16.5,8.1,1.1,4.9,30.6
15138,1715,2023-S02,23.6,3.2,5.9,3.2,35.9
15139,1715,2023-S03,19.5,3.7,3.7,1.3,28.2
15140,1715,2023-S04,22.7,8.5,1.5,1.4,34.1
15141,1715,2023-S05,15.4,2.8,5.6,4.9,28.7
15142,1715,2023-S06,22.8,6.8,5.0,2.2,36.8
15143,1715,2023-S07,17.2,2.2,5.7,3.6,28.7
15144,1715,2023-S08,20.5,6.7,4.4,4.8,36.4
15145,1715,2023-S09,22.5,5.2,5.5,3.7,36.9
15146,1715,2023-S10,13.6,9.8,1.3,4.8,29.5
15147,1715,2023-S11,15.0,2.6,4.6,4.2,26.4
15148,1715,2023-S12,20.6,4.2,1.7,1.9,28.4
15149,1715,2023-S13,14.9,8.5,1.8,1.3,26.5
15150,1715,2023-S14,23.3,5.9,4.5,3.6,37.3
15151,1715,2023-S15,15.2,5.9,2.9,1.6,25.6
15152,1715,2023-S16,13.4,3.0,4.9,4.6,25.9
15153,1715,2023-S17,15.6,6.7,2.4,2.2,26.9
15154,1715,2023-S18,23.2,4.1,2.1,3.0,32.4
15155,1715,2023-S19,23.8,8.3,4.3,2.1,38.5
15156,1715,2023-S20,18.7,8.8,6.0,1.0,34.5
15157,1715,2023-S21,24.8,5.2,3.2,3.0,36.2
15158,1715,2023-S22,24.2,8.3,4.6,1.9,39.0
15159,1715,2023-S23,10.5,5.9,3.3,1.6,21.3
15160,1715,2023-S24,23.3,4.5,2.9,2.0,32.7
15161,1715,2023-S25,13.6,3.7,1.6,4.3,23.2
15162,1715,2023-S26,11.5,3.7,3.6,3.2,22.0
15163,1715,2023-S27,11.5,3.1,2.6,2.8,20.0
15164,1715,2023-S28,17.8,3.4,4.4,4.7,30.3
15165,1715,2023-S29,13.5,9.9,5.4,4.7,33.5
15166,1715,2023-S30,15.1,5.4,2.1,4.9,27.5
15167,1715,2023-S31,12.1,3.0,5.1,4.6,24.8
15168,1715,2023-S32,12.0,5.3,1.4,1.5,20.2
15169,1715,2023-S33,19.5,9.6,1.7,4.6,35.4
15170,1715,2023-S34,15.4,8.6,4.9,4.0,32.9
15171,1480,2023-S01,16.8,2.1,4.8,1.4,25.1
15172,1480,2023-S02,19.6,4.9,1.6,2.0,28.1
15173,1480,2023-S03,14.5,3.0,3.7,1.9,23.1
15174,1480,2023-S04,19.3,8.7,5.7,4.5,38.2
15175,1480,2023-S05,20.5,6.5,2.2,1.4,30.6
15176,1480,2023-S06,19.1,4.1,3.2,3.1,29.5
15177,1480,2023-S07,21.5,3.2,5.2,3.7,33.6
15178,1480,2023-S08,21.0,5.8,4.7,2.4,33.9
15179,1480,2023-S09,19.4,2.8,5.1,2.7,30.0
15180,1480,2023-S10,24.3,7.7,3.1,1.6,36.7
15181,1480,2023-S11,17.4,8.4,4.4,4.7,34.9
15182,1480,2023-S12,24.8,4.6,4.5,2.8,36.7
15183,1480,2023-S13,16.4,8.3,3.8,4.7,33.2
15184,1480,2023-S14,15.5,7.4,4.2,1.2,28.3
15185,1480,2023-S15,18.3,3.3,5.2,2.8,29.6
15186,1480,2023-S16,14.5,6.9,4.8,5.0,31.2
15187,1480,2023-S17,18.2,4.7,2.5,2.3,27.7
15188,1480,2023-S18,15.7,4.4,5.1,3.7,28.9
15189,1480,2023-S19,25.0,2.3,1.5,3.0,31.8
15190,1480,2023-S20,15.8,4.0,5.6,4.5,29.9
15191,1480,2023-S21,24.6,7.9,3.6,1.9,38.0
15192,1480,2023-S22,11.9,4.1,5.4,1.2,22.6
15193,1480,2023-S23,14.3,8.0,2.1,4.5,28.9
15194,1480,2023-S24,12.4,7.2,4.2,4.9,28.7
15195,1480,2023-S25,22.1,8.6,1.7,4.2,36.6
15196,1480,2023-S26,16.8,6.4,5.4,4.2,32.8
15197,1480,2023-S27,10.7,7.8,1.2,1.2,20.9
15198,1480,2023-S28,12.9,2.4,5.0,2.9,23.2
15199,1480,2023-S29,22.6,7.8,4.2,1.5,36.1
15200,1480,2023-S30,11.3,4.9,2.0,2.0,20.2
15201,1480,2023-S31,18.1,2.5,3.9,2.4,26.9
15202,1480,2023-S32,15.1,9.4,3.1,1.6,29.2
15203,1480,2023-S33,11.8,3.0,2.9,1.3,19.0
15204,1480,2023-S34,18.0,4.3,4.7,1.2,28.2
15205,2151,2023-S01,15.8,9.1,2.9,3.8,31.6
15206,2151,2023-S02,16.5,7.1,5.0,4.9,33.5
15207,2151,2023-S03,20.0,9.8,4.6,2.3,36.7
15208,2151,2023-S04,16.0,2.7,6.0,2.3,27.0
15209,2151,2023-S05,23.0,9.3,5.2,2.9,40.4
15210,2151,2023-S06,14.1,8.3,1.3,2.2,25.9
15211,2151,2023-S07,15.4,3.9,3.2,4.8,27.3
15212,2151,2023-S08,21.3,5.9,1.3,1.1,29.6
15213,2151,2023-S09,18.5,4.7,5.6,1.2,30.0
15214,2151,2023-S10,19.6,3.6,2.7,2.9,28.8
15215,2151,2023-S11,13.6,3.7,5.3,1.5,24.1
15216,2151,2023-S12,12.9,4.6,2.5,3.6,23.6
15217,2151,2023-S13,12.9,9.5,2.1,1.2,25.7
15218,2151,2023-S14,15.9,2.0,3.5,2.7,24.1
15219,2151,2023-S15,11.9,8.4,4.1,1.1,25.5
15220,2151,2023-S16,13.7,3.9,3.0,4.3,24.9
15221,2151,2023-S17,10.7,2.7,5.2,3.6,22.2
15222,2151,2023-S18,16.5,5.6,4.0,2.1,28.2
15223,2151,2023-S19,15.8,5.5,1.2,2.3,24.8
15224,2151,2023-S20,21.4,7.9,3.9,2.1,35.3
15225,2151,2023-S21,24.7,9.8,2.3,3.8,40.6
15226,2151,2023-S22,11.0,7.2,1.4,3.5,23.1
15227,2151,2023-S23,12.8,6.5,4.0,3.2,26.5
15228,2151,2023-S24,12.3,7.2,1.7,2.3,23.5
15229,2151,2023-S25,23.8,5.6,2.5,4.1,36.0
15230,2151,2023-S26,19.3,4.1,2.7,3.5,29.6
15231,2151,2023-S27,22.7,6.2,5.8,1.2,35.9
15232,2151,2023-S28,15.8,3.9,2.2,1.1,23.0
15233,2151,2023-S29,19.7,7.7,2.9,4.9,35.2
15234,2151,2023-S30,23.7,6.5,1.6,4.7,36.5
15235,2151,2023-S31,23.0,4.0,2.0,2.3,31.3
15236,2151,2023-S32,21.9,6.3,2.3,1.9,32.4
15237,2151,2023-S33,12.7,8.1,2.3,2.1,25.2
15238,2151,2023-S34,15.6,6.1,3.0,3.3,28.0
15239,1800,2023-S01,14.1,9.3,5.0,4.5,32.9
15240,1800,2023-S02,19.5,5.3,1.6,4.9,31.3
15241,1800,2023-S03,19.2,4.9,3.3,3.6,31.0
15242,1800,2023-S04,10.3,5.9,5.1,2.0,23.3
15243,1800,2023-S05,11.4,7.2,5.4,4.9,28.9
15244,1800,2023-S06,10.4,2.1,4.7,3.2,20.4
15245,1800,2023-S07,24.7,3.1,3.2,1.2,32.2
15246,1800,2023-S08,10.5,7.6,3.7,1.7,23.5
15247,1800,2023-S09,12.2,9.3,3.9,3.8,29.2
15248,1800,2023-S10,11.0,5.8,6.0,3.0,25.8
15249,1800,2023-S11,19.1,8.5,1.2,4.1,32.9
15250,1800,2023-S12,10.3,7.4,1.1,4.4,23.2
15251,1800,2023-S13,20.2,8.0,4.1,4.7,37.0
15252,1800,2023-S14,21.3,5.4,5.0,2.8,34.5
15253,1800,2023-S15,19.8,7.5,3.0,1.1,31.4
15254,1800,2023-S16,16.1,5.2,1.7,2.7,25.7
15255,1800,2023-S17,12.0,5.3,3.9,1.3,22.5
15256,1800,2023-S18,22.7,2.5,5.0,4.5,34.7
15257,1800,2023-S19,17.5,7.0,1.9,4.6,31.0
15258,1800,2023-S20,21.8,8.5,2.4,4.7,37.4
15259,1800,2023-S21,22.2,9.4,4.3,3.0,38.9
15260,1800,2023-S22,15.8,5.9,2.7,1.5,25.9
15261,1800,2023-S23,16.3,6.2,4.0,4.6,31.1
15262,1800,2023-S24,18.1,7.1,2.3,2.5,30.0
15263,1800,2023-S25,23.6,7.5,5.8,4.3,41.2
15264,1800,2023-S26,21.2,7.2,5.7,2.8,36.9
15265,1800,2023-S27,22.2,6.9,3.2,2.1,34.4
15266,1800,2023-S28,11.6,2.9,1.9,1.2,17.6
15267,1800,2023-S29,24.6,6.2,5.7,3.0,39.5
15268,1800,2023-S30,11.0,10.0,5.8,3.5,30.3
15269,1800,2023-S31,20.8,3.3,4.2,4.1,32.4
15270,1800,2023-S32,13.2,8.2,6.0,2.2,29.6
15271,1800,2023-S33,13.8,2.2,3.6,3.9,23.5
15272,1800,2023-S34,12.4,4.7,5.5,1.5,24.1
15273,2084,2023-S01,24.4,7.3,3.7,2.4,37.8
15274,2084,2023-S02,12.0,9.4,2.1,4.8,28.3
15275,2084,2023-S03,14.7,3.5,2.1,1.3,21.6
15276,2084,2023-S04,23.1,4.5,5.1,3.3,36.0
15277,2084,2023-S05,16.8,7.8,5.1,2.0,31.7
15278,2084,2023-S06,19.4,7.0,3.9,3.1,33.4
15279,2084,2023-S07,17.7,7.3,2.1,4.2,31.3
15280,2084,2023-S08,20.7,3.4,2.9,1.1,28.1
15281,2084,2023-S09,22.4,6.7,5.4,2.2,36.7
15282,2084,2023-S10,21.4,3.3,3.6,2.4,30.7
15283,2084,2023-S11,19.7,9.4,5.2,3.7,38.0
15284,2084,2023-S12,18.5,6.3,4.5,4.7,34.0
15285,2084,2023-S13,14.1,2.6,3.2,3.3,23.2
15286,2084,2023-S14,11.2,9.7,3.6,2.7,27.2
15287,2084,2023-S15,14.2,5.5,1.0,1.0,21.7
15288,2084,2023-S16,12.5,8.7,1.5,3.2,25.9
15289,2084,2023-S17,17.3,9.1,3.1,4.3,33.8
15290,2084,2023-S18,21.2,6.4,1.7,3.3,32.6
15291,2084,2023-S19,22.2,2.4,1.6,1.7,27.9
15292,2084,2023-S20,17.6,2.2,4.9,3.2,27.9
15293,2084,2023-S21,10.5,9.1,2.2,1.7,23.5
15294,2084,2023-S22,17.8,8.5,3.3,2.5,32.1
15295,2084,2023-S23,19.7,7.8,3.3,1.6,32.4
15296,2084,2023-S24,17.6,8.6,4.1,1.1,31.4
15297,2084,2023-S25,16.3,9.2,4.2,3.7,33.4
15298,2084,2023-S26,16.4,9.1,2.2,4.9,32.6
15299,2084,2023-S27,23.9,2.4,1.8,3.7,31.8
15300,2084,2023-S28,17.4,5.3,3.3,4.2,30.2
15301,2084,2023-S29,16.7,3.9,4.1,3.3,28.0
15302,2084,2023-S30,15.0,9.0,4.4,3.8,32.2
15303,2084,2023-S31,19.4,5.4,5.2,3.2,33.2
15304,2084,2023-S32,18.9,2.9,2.4,3.9,28.1
15305,2084,2023-S33,12.6,9.0,3.5,3.3,28.4
15306,2084,2023-S34,18.5,3.9,5.7,4.5,32.6
15307,1295,2023-S01,20.1,4.2,1.7,4.6,30.6
15308,1295,2023-S02,14.0,8.4,3.8,2.9,29.1
15309,1295,2023-S03,19.4,5.3,3.1,1.5,29.3
15310,1295,2023-S04,18.0,5.7,4.7,1.4,29.8
15311,1295,2023-S05,10.3,6.6,1.3,4.4,22.6
15312,1295,2023-S06,17.1,5.5,5.6,2.7,30.9
15313,1295,2023-S07,14.8,7.3,5.0,4.6,31.7
15314,1295,2023-S08,19.1,9.9,2.7,1.7,33.4
15315,1295,2023-S09,10.6,4.1,4.3,3.2,22.2
15316,1295,2023-S10,22.2,2.6,2.9,3.0,30.7
15317,1295,2023-S11,20.2,8.9,5.7,4.7,39.5
15318,1295,2023-S12,19.8,3.8,3.4,4.2,31.2
15319,1295,2023-S13,12.6,8.7,5.0,1.1,27.4
15320,1295,2023-S14,24.1,4.8,4.5,1.5,34.9
15321,1295,2023-S15,21.6,7.6,1.4,4.7,35.3
15322,1295,2023-S16,10.5,6.8,4.0,1.7,23.0
15323,1295,2023-S17,22.9,6.2,5.9,4.3,39.3
15324,1295,2023-S18,17.8,9.6,1.5,3.7,32.6
15325,1295,2023-S19,11.5,3.5,2.6,3.1,20.7
15326,1295,2023-S20,16.8,8.9,1.4,4.6,31.7
15327,1295,2023-S21,11.4,2.5,4.4,3.9,22.2
15328,1295,2023-S22,22.6,6.6,3.6,3.4,36.2
15329,1295,2023-S23,19.1,9.4,2.1,3.6,34.2
15330,1295,2023-S24,14.8,4.6,2.4,2.6,24.4
15331,1295,2023-S25,23.9,7.0,2.9,4.3,38.1
15332,1295,2023-S26,23.4,7.8,1.2,1.8,34.2
15333,1295,2023-S27,16.7,5.1,3.3,4.5,29.6
15334,1295,2023-S28,24.6,4.8,5.7,4.3,39.4
15335,1295,2023-S29,17.8,4.6,4.5,4.3,31.2
15336,1295,2023-S30,20.6,9.5,4.9,3.0,38.0
15337,1295,2023-S31,23.1,3.8,4.9,3.1,34.9
15338,1295,2023-S32,16.2,4.3,5.2,2.2,27.9
15339,1295,2023-S33,14.0,8.2,2.8,2.5,27.5
15340,1295,2023-S34,15.3,3.8,1.3,1.2,21.6
15341,2026,2023-S01,12.0,5.3,3.1,3.2,23.6
15342,2026,2023-S02,20.6,4.5,5.7,2.9,33.7
15343,2026,2023-S03,16.7,2.6,3.6,4.9,27.8
15344,2026,2023-S04,12.6,5.0,1.7,1.4,20.7
15345,2026,2023-S05,16.1,3.6,4.0,3.0,26.7
15346,2026,2023-S06,13.8,5.6,1.0,3.7,24.1
15347,2026,2023-S07,20.8,4.7,4.2,4.3,34.0
15348,2026,2023-S08,16.3,8.9,2.4,3.3,30.9
15349,2026,2023-S09,12.6,8.4,2.8,2.3,26.1
15350,2026,2023-S10,21.7,9.0,1.9,4.2,36.8
15351,2026,2023-S11,22.9,3.2,1.1,4.4,31.6
15352,2026,2023-S12,12.8,9.8,4.7,4.6,31.9
15353,2026,2023-S13,20.8,3.1,5.4,4.0,33.3
15354,2026,2023-S14,14.2,6.9,1.5,4.0,26.6
15355,2026,2023-S15,14.7,2.3,1.2,4.4,22.6
15356,2026,2023-S16,20.1,6.6,1.6,3.7,32.0
15357,2026,2023-S17,20.1,6.7,1.3,3.3,31.4
15358,2026,2023-S18,10.6,5.5,3.4,3.9,23.4
15359,2026,2023-S19,19.4,9.3,3.8,4.7,37.2
15360,2026,2023-S20,13.0,4.4,2.9,1.4,21.7
15361,2026,2023-S21,10.1,7.7,5.4,4.4,27.6
15362,2026,2023-S22,16.8,7.5,1.9,2.2,28.4
15363,2026,2023-S23,11.0,8.0,3.9,3.4,26.3
15364,2026,2023-S24,21.9,7.8,4.2,4.1,38.0
15365,2026,2023-S25,16.9,3.1,5.8,2.1,27.9
15366,2026,2023-S26,23.7,5.5,2.0,1.0,32.2
15367,2026,2023-S27,23.4,3.2,5.7,3.9,36.2
15368,2026,2023-S28,17.3,6.4,1.4,3.3,28.4
15369,2026,2023-S29,20.2,3.1,4.0,1.1,28.4
15370,2026,2023-S30,22.1,5.2,3.6,2.0,32.9
15371,2026,2023-S31,22.7,4.3,3.7,4.8,35.5
15372,2026,2023-S32,14.5,7.3,5.7,1.8,29.3
15373,2026,2023-S33,24.7,6.1,4.6,1.8,37.2
15374,2026,2023-S34,11.3,9.0,2.8,3.9,27.0
15375,1135,2023-S01,12.7,6.5,3.3,2.3,24.8
15376,1135,2023-S02,21.9,9.3,2.6,1.9,35.7
15377,1135,2023-S03,13.1,9.3,1.6,4.0,28.0
15378,1135,2023-S04,24.0,2.6,3.1,1.7,31.4
15379,1135,2023-S05,23.2,9.8,4.6,3.5,41.1
15380,1135,2023-S06,10.5,4.3,3.2,4.4,22.4
15381,1135,2023-S07,24.6,5.1,5.6,2.8,38.1
15382,1135,2023-S08,14.5,5.8,2.4,4.1,26.8
15383,1135,2023-S09,23.9,8.6,4.8,1.4,38.7
15384,1135,2023-S10,17.2,7.0,3.4,4.1,31.7
15385,1135,2023-S11,17.3,6.8,1.1,4.2,29.4
15386,1135,2023-S12,18.4,4.5,4.5,1.6,29.0
15387,1135,2023-S13,16.8,2.8,2.8,4.6,27.0
15388,1135,2023-S14,17.4,7.6,3.3,3.9,32.2
15389,1135,2023-S15,13.1,8.1,1.4,5.0,27.6
15390,1135,2023-S16,13.6,2.3,1.3,4.5,21.7
15391,1135,2023-S17,16.0,4.0,1.8,1.7,23.5
15392,1135,2023-S18,15.8,7.1,5.9,3.6,32.4
15393,1135,2023-S19,20.7,9.5,5.0,2.8,38.0
15394,1135,2023-S20,19.3,8.9,5.0,4.2,37.4
15395,1135,2023-S21,13.2,5.8,6.0,2.6,27.6
15396,1135,2023-S22,22.0,8.2,4.5,2.8,37.5
15397,1135,2023-S23,11.6,5.5,5.8,2.7,25.6
15398,1135,2023-S24,24.6,5.5,1.3,1.7,33.1
15399,1135,2023-S25,15.7,2.8,2.4,2.7,23.6
15400,1135,2023-S26,18.2,5.3,4.4,3.3,31.2
15401,1135,2023-S27,10.6,5.6,5.7,5.0,26.9
15402,1135,2023-S28,23.7,10.0,1.7,1.3,36.7
15403,1135,2023-S29,20.9,3.1,5.1,1.5,30.6
15404,1135,2023-S30,19.3,5.6,4.3,1.1,30.3
15405,1135,2023-S31,22.7,8.0,3.3,1.4,35.4
15406,1135,2023-S32,16.4,3.6,2.3,3.3,25.6
15407,1135,2023-S33,12.2,8.7,1.7,3.0,25.6
15408,1135,2023-S34,16.2,2.7,3.2,4.4,26.5
15409,1660,2023-S01,10.1,4.4,2.7,4.9,22.1
15410,1660,2023-S02,11.7,2.1,1.5,3.9,19.2
15411,1660,2023-S03,17.7,5.8,2.2,1.1,26.8
15412,1660,2023-S04,14.1,6.9,5.3,4.3,30.6
15413,1660,2023-S05,16.8,2.8,4.5,2.5,26.6
15414,1660,2023-S06,19.7,9.7,4.7,1.5,35.6
15415,1660,2023-S07,24.2,9.8,3.5,4.2,41.7
15416,1660,2023-S08,24.6,3.2,2.8,3.0,33.6
15417,1660,2023-S09,13.2,9.9,4.4,1.3,28.8
15418,1660,2023-S10,17.4,7.8,3.9,2.7,31.8
15419,1660,2023-S11,16.3,8.6,1.8,2.3,29.0
15420,1660,2023-S12,11.2,7.8,4.5,2.6,26.1
15421,1660,2023-S13,24.9,6.7,1.3,1.5,34.4
15422,1660,2023-S14,20.7,5.8,2.6,3.6,32.7
15423,1660,2023-S15,15.3,6.9,5.0,3.8,31.0
15424,1660,2023-S16,24.6,5.4,4.1,2.9,37.0
15425,1660,2023-S17,24.1,3.3,4.8,4.3,36.5
15426,1660,2023-S18,24.9,3.3,4.3,4.1,36.6
15427,1660,2023-S19,16.6,2.2,2.3,1.5,22.6
15428,1660,2023-S20,13.0,7.3,3.4,3.5,27.2
15429,1660,2023-S21,14.0,4.3,6.0,2.8,27.1
15430,1660,2023-S22,20.5,9.2,3.0,4.1,36.8
15431,1660,2023-S23,17.3,5.5,3.4,3.9,30.1
15432,1660,2023-S24,20.5,6.2,1.1,2.3,30.1
15433,1660,2023-S25,13.8,9.8,2.1,3.8,29.5
15434,1660,2023-S26,16.0,5.1,4.9,3.9,29.9
15435,1660,2023-S27,19.2,8.9,1.7,2.2,32.0
15436,1660,2023-S28,11.8,9.9,2.8,2.6,27.1
15437,1660,2023-S29,19.0,2.4,4.3,4.2,29.9
15438,1660,2023-S30,10.2,6.4,1.3,2.7,20.6
15439,1660,2023-S31,15.1,6.7,4.7,3.7,30.2
15440,1660,2023-S32,24.4,7.1,5.2,3.7,40.4
15441,1660,2023-S33,12.2,3.4,2.1,2.3,20.0
15442,1660,2023-S34,15.0,7.9,4.2,1.8,28.9
15443,1957,2023-S01,24.3,7.8,1.1,1.6,34.8
15444,1957,2023-S02,18.4,9.2,5.7,4.7,38.0
15445,1957,2023-S03,14.2,2.4,5.5,3.1,25.2
15446,1957,2023-S04,24.3,8.5,4.0,4.9,41.7
15447,1957,2023-S05,20.8,6.2,5.2,1.2,33.4
15448,1957,2023-S06,12.2,8.0,3.4,4.2,27.8
15449,1957,2023-S07,10.6,4.6,2.5,4.0,21.7
15450,1957,2023-S08,16.2,9.5,1.5,3.1,30.3
15451,1957,2023-S09,17.4,4.5,1.7,3.9,27.5
15452,1957,2023-S10,19.5,6.0,2.4,1.4,29.3
15453,1957,2023-S11,21.3,7.2,5.2,2.5,36.2
15454,1957,2023-S12,23.4,5.6,3.5,2.7,35.2
15455,1957,2023-S13,14.6,5.0,2.2,4.1,25.9
15456,1957,2023-S14,12.7,4.4,5.0,3.3,25.4
15457,1957,2023-S15,14.7,8.8,4.6,1.2,29.3
15458,1957,2023-S16,14.2,3.6,2.8,4.0,24.6
15459,1957,2023-S17,11.2,10.0,4.6,4.4,30.2
15460,1957,2023-S18,10.8,7.1,4.5,1.6,24.0
15461,1957,2023-S19,20.2,9.8,5.5,2.7,38.2
15462,1957,2023-S20,23.1,6.9,3.1,1.5,34.6
15463,1957,2023-S21,13.4,4.2,4.6,4.0,26.2
15464,1957,2023-S22,23.4,8.3,6.0,1.3,39.0
15465,1957,2023-S23,14.5,7.4,1.2,3.4,26.5
15466,1957,2023-S24,24.2,4.9,4.6,4.7,38.4
15467,1957,2023-S25,15.7,4.4,4.1,3.6,27.8
15468,1957,2023-S26,24.5,9.3,4.5,4.4,42.7
15469,1957,2023-S27,13.3,7.4,3.7,4.0,28.4
15470,1957,2023-S28,17.2,9.9,1.9,1.7,30.7
15471,1957,2023-S29,17.6,5.4,1.1,2.0,26.1
15472,1957,2023-S30,14.6,5.8,1.4,2.5,24.3
15473,1957,2023-S31,14.4,2.5,5.5,1.2,23.6
15474,1957,2023-S32,10.6,2.4,5.6,1.6,20.2
15475,1957,2023-S33,21.0,8.1,4.6,2.3,36.0
15476,1957,2023-S34,20.5,7.1,1.5,1.7,30.8
15477,2099,2023-S01,10.5,3.7,1.4,1.3,16.9
15478,2099,2023-S02,12.7,7.6,1.8,4.1,26.2
15479,2099,2023-S03,18.7,4.7,5.7,1.9,31.0
15480,2099,2023-S04,12.0,9.9,1.6,4.5,28.0
15481,2099,2023-S05,16.2,7.6,5.8,1.2,30.8
15482,2099,2023-S06,18.4,4.6,3.1,4.0,30.1
15483,2099,2023-S07,21.4,8.7,4.8,1.0,35.9
15484,2099,2023-S08,12.3,6.4,5.0,1.3,25.0
15485,2099,2023-S09,22.5,7.7,4.2,1.1,35.5
15486,2099,2023-S10,15.4,3.2,2.9,1.4,22.9
15487,2099,2023-S11,22.8,5.0,5.0,3.9,36.7
15488,2099,2023-S12,17.0,9.4,3.2,4.6,34.2
15489,2099,2023-S13,19.7,2.5,1.3,4.7,28.2
15490,2099,2023-S14,12.0,6.2,3.4,2.2,23.8
15491,2099,2023-S15,16.5,9.5,1.1,4.8,31.9
15492,2099,2023-S16,19.3,7.7,2.3,3.5,32.8
15493,2099,2023-S17,14.8,5.0,2.7,4.5,27.0
15494,2099,2023-S18,24.5,7.9,5.8,4.3,42.5
15495,2099,2023-S19,21.0,5.1,6.0,4.5,36.6
15496,2099,2023-S20,17.3,8.5,3.8,1.4,31.0
15497,2099,2023-S21,12.5,2.6,2.3,3.1,20.5
15498,2099,2023-S22,24.2,5.3,3.5,1.7,34.7
15499,2099,2023-S23,14.8,4.1,3.7,4.0,26.6
15500,2099,2023-S24,24.4,7.6,4.7,4.1,40.8
15501,2099,2023-S25,23.9,5.6,5.1,4.7,39.3
15502,2099,2023-S26,22.8,4.8,5.0,3.0,35.6
15503,2099,2023-S27,22.3,4.8,1.7,3.8,32.6
15504,2099,2023-S28,14.3,9.7,5.4,4.2,33.6
15505,2099,2023-S29,19.3,2.3,5.7,3.2,30.5
15506,2099,2023-S30,20.6,5.4,4.6,3.4,34.0
15507,2099,2023-S31,16.2,6.9,2.2,3.9,29.2
15508,2099,2023-S32,20.9,9.1,4.2,1.4,35.6
15509,2099,2023-S33,15.7,4.6,1.5,4.6,26.4
15510,2099,2023-S34,10.1,6.0,4.1,4.4,24.6
15511,1044,2023-S01,20.3,3.0,1.8,1.0,26.1
15512,1044,2023-S02,16.3,6.9,3.6,2.5,29.3
15513,1044,2023-S03,10.7,7.7,3.3,3.7,25.4
15514,1044,2023-S04,16.7,2.7,2.8,4.6,26.8
15515,1044,2023-S05,15.8,10.0,1.9,3.7,31.4
15516,1044,2023-S06,17.5,4.5,3.0,5.0,30.0
15517,1044,2023-S07,19.3,7.9,5.2,2.8,35.2
15518,1044,2023-S08,21.9,7.0,4.5,5.0,38.4
15519,1044,2023-S09,21.0,6.6,1.6,3.9,33.1
15520,1044,2023-S10,23.9,2.2,2.6,3.5,32.2
15521,1044,2023-S11,24.8,4.9,1.1,1.9,32.7
15522,1044,2023-S12,11.9,8.7,5.2,4.1,29.9
15523,1044,2023-S13,12.0,7.6,4.7,1.2,25.5
15524,1044,2023-S14,11.5,8.8,1.1,2.9,24.3
15525,1044,2023-S15,10.5,3.8,5.2,1.6,21.1
15526,1044,2023-S16,16.2,9.4,3.1,3.5,32.2
15527,1044,2023-S17,16.3,7.2,5.6,2.8,31.9
15528,1044,2023-S18,10.1,9.5,1.4,3.0,24.0
15529,1044,2023-S19,24.8,7.0,5.7,1.0,38.5
15530,1044,2023-S20,19.8,9.2,4.1,2.7,35.8
15531,1044,2023-S21,12.6,4.3,5.9,2.4,25.2
15532,1044,2023-S22,11.7,8.8,3.2,4.8,28.5
15533,1044,2023-S23,13.9,9.9,5.0,1.4,30.2
15534,1044,2023-S24,22.1,2.6,1.3,1.9,27.9
15535,1044,2023-S25,19.4,4.7,3.5,3.5,31.1
15536,1044,2023-S26,15.0,6.3,4.3,4.9,30.5
15537,1044,2023-S27,19.7,4.5,4.0,2.1,30.3
15538,1044,2023-S28,19.4,4.3,2.9,2.7,29.3
15539,1044,2023-S29,16.0,6.5,2.7,3.3,28.5
15540,1044,2023-S30,22.9,7.5,1.9,2.6,34.9
15541,1044,2023-S31,13.1,9.5,4.3,4.7,31.6
15542,1044,2023-S32,13.5,9.9,1.4,1.3,26.1
15543,1044,2023-S33,15.5,4.8,2.3,1.4,24.0
15544,1044,2023-S34,16.0,9.5,3.2,4.4,33.1
15545,1020,2023-S01,13.2,3.8,5.8,2.4,25.2
15546,1020,2023-S02,10.9,7.8,3.8,2.5,25.0
15547,1020,2023-S03,14.1,3.1,5.3,3.2,25.7
15548,1020,2023-S04,16.8,4.7,4.8,4.9,31.2
15549,1020,2023-S05,13.7,7.0,1.2,3.3,25.2
15550,1020,2023-S06,19.5,9.1,1.8,4.4,34.8
15551,1020,2023-S07,11.1,5.8,1.6,2.4,20.9
15552,1020,2023-S08,12.9,9.5,2.2,3.8,28.4
15553,1020,2023-S09,21.9,9.6,4.9,1.4,37.8
15554,1020,2023-S10,12.0,8.1,5.0,3.3,28.4
15555,1020,2023-S11,19.4,8.6,4.7,4.5,37.2
15556,1020,2023-S12,16.3,6.6,3.5,2.9,29.3
15557,1020,2023-S13,23.0,7.0,2.8,1.9,34.7
15558,1020,2023-S14,10.4,3.9,5.2,3.2,22.7
15559,1020,2023-S15,21.5,6.2,4.8,1.8,34.3
15560,1020,2023-S16,18.9,2.8,2.1,3.7,27.5
15561,1020,2023-S17,17.1,4.8,4.8,2.2,28.9
15562,1020,2023-S18,13.7,9.6,3.4,3.4,30.1
15563,1020,2023-S19,13.8,3.2,2.8,1.8,21.6
15564,1020,2023-S20,21.6,2.5,1.1,1.8,27.0
15565,1020,2023-S21,12.3,8.2,6.0,2.2,28.7
15566,1020,2023-S22,12.0,3.5,5.6,2.2,23.3
15567,1020,2023-S23,22.6,2.5,1.7,3.9,30.7
15568,1020,2023-S24,11.5,4.0,2.3,1.6,19.4
15569,1020,2023-S25,15.5,3.1,1.7,1.3,21.6
15570,1020,2023-S26,19.4,9.8,1.0,2.2,32.4
15571,1020,2023-S27,11.2,2.8,4.4,2.5,20.9
15572,1020,2023-S28,19.1,7.4,3.4,4.3,34.2
15573,1020,2023-S29,24.8,7.1,5.4,2.3,39.6
15574,1020,2023-S30,17.8,8.1,4.8,4.0,34.7
15575,1020,2023-S31,23.6,5.5,5.0,4.4,38.5
15576,1020,2023-S32,20.4,9.2,5.3,4.2,39.1
15577,1020,2023-S33,10.4,6.6,3.9,1.9,22.8
15578,1020,2023-S34,16.3,7.9,1.2,2.9,28.3
15579,2187,2023-S01,11.1,4.9,1.4,4.4,21.8
15580,2187,2023-S02,19.7,9.1,6.0,4.9,39.7
15581,2187,2023-S03,14.2,8.4,1.3,2.3,26.2
15582,2187,2023-S04,20.3,4.0,1.5,4.8,30.6
15583,2187,2023-S05,12.4,3.3,5.1,2.2,23.0
15584,2187,2023-S06,24.5,3.8,3.2,2.2,33.7
15585,2187,2023-S07,14.6,7.5,4.4,4.5,31.0
15586,2187,2023-S08,23.2,3.8,3.9,1.8,32.7
15587,2187,2023-S09,17.2,7.2,5.8,3.3,33.5
15588,2187,2023-S10,12.7,9.2,1.8,2.3,26.0
15589,2187,2023-S11,20.9,5.8,2.5,1.7,30.9
15590,2187,2023-S12,19.6,8.1,1.3,2.2,31.2
15591,2187,2023-S13,13.8,8.1,1.6,2.4,25.9
15592,2187,2023-S14,14.3,7.4,1.7,1.2,24.6
15593,2187,2023-S15,15.1,6.0,2.8,2.4,26.3
15594,2187,2023-S16,18.1,4.7,3.9,1.4,28.1
15595,2187,2023-S17,23.5,7.1,3.8,4.7,39.1
15596,2187,2023-S18,13.3,4.1,3.3,4.7,25.4
15597,2187,2023-S19,14.1,6.9,2.7,4.5,28.2
15598,2187,2023-S20,18.3,3.7,4.0,4.1,30.1
15599,2187,2023-S21,11.6,8.0,5.0,1.3,25.9
15600,2187,2023-S22,23.1,8.4,5.1,1.6,38.2
15601,2187,2023-S23,22.5,2.7,1.9,4.4,31.5
15602,2187,2023-S24,21.5,2.8,5.6,4.0,33.9
15603,2187,2023-S25,24.4,9.1,3.1,2.4,39.0
15604,2187,2023-S26,11.4,8.3,3.3,4.4,27.4
15605,2187,2023-S27,11.5,2.2,5.0,3.6,22.3
15606,2187,2023-S28,17.8,8.5,2.1,1.4,29.8
15607,2187,2023-S29,16.6,9.5,1.7,3.0,30.8
15608,2187,2023-S30,10.0,2.4,3.2,4.2,19.8
15609,2187,2023-S31,21.4,6.9,3.7,3.6,35.6
15610,2187,2023-S32,17.2,9.2,2.8,3.1,32.3
15611,2187,2023-S33,10.6,8.3,5.4,4.2,28.5
15612,2187,2023-S34,23.2,2.5,5.7,2.6,34.0
15613,2150,2023-S01,15.0,9.6,1.4,4.4,30.4
15614,2150,2023-S02,19.3,9.6,2.9,1.6,33.4
15615,2150,2023-S03,23.1,8.2,5.7,4.9,41.9
15616,2150,2023-S04,15.8,8.2,3.9,2.1,30.0
15617,2150,2023-S05,20.2,5.4,2.8,4.7,33.1
15618,2150,2023-S06,18.4,8.9,1.1,2.2,30.6
15619,2150,2023-S07,18.4,4.9,3.3,1.8,28.4
15620,2150,2023-S08,15.5,6.8,3.0,3.6,28.9
15621,2150,2023-S09,19.3,2.5,3.4,2.9,28.1
15622,2150,2023-S10,16.2,3.0,1.9,4.7,25.8
15623,2150,2023-S11,10.6,6.9,3.0,1.6,22.1
15624,2150,2023-S12,24.8,9.1,2.7,1.1,37.7
15625,2150,2023-S13,10.2,3.1,1.2,4.4,18.9
15626,2150,2023-S14,14.3,5.8,5.7,3.1,28.9
15627,2150,2023-S15,12.4,3.2,1.6,2.2,19.4
15628,2150,2023-S16,14.8,6.9,5.4,3.0,30.1
15629,2150,2023-S17,23.2,6.0,3.5,3.6,36.3
15630,2150,2023-S18,17.3,4.2,6.0,1.9,29.4
15631,2150,2023-S19,15.9,5.8,4.5,2.8,29.0
15632,2150,2023-S20,23.6,7.4,5.4,4.6,41.0
15633,2150,2023-S21,22.3,5.5,5.1,4.7,37.6
15634,2150,2023-S22,22.3,6.4,1.2,2.6,32.5
15635,2150,2023-S23,23.2,7.7,3.9,3.3,38.1
15636,2150,2023-S24,13.8,5.2,2.8,1.1,22.9
15637,2150,2023-S25,12.8,9.9,3.4,1.6,27.7
15638,2150,2023-S26,12.6,7.1,2.4,4.6,26.7
15639,2150,2023-S27,21.1,9.5,5.6,1.9,38.1
15640,2150,2023-S28,10.7,3.2,1.7,2.5,18.1
15641,2150,2023-S29,13.5,4.5,1.4,3.2,22.6
15642,2150,2023-S30,17.1,5.9,5.7,2.2,30.9
15643,2150,2023-S31,18.6,6.5,1.6,3.1,29.8
15644,2150,2023-S32,15.7,8.1,1.0,3.3,28.1
15645,2150,2023-S33,17.9,9.8,5.6,4.0,37.3
15646,2150,2023-S34,18.8,3.5,1.1,3.4,26.8
15647,1787,2023-S01,14.3,7.8,4.8,1.3,28.2
15648,1787,2023-S02,22.5,9.6,2.8,1.5,36.4
15649,1787,2023-S03,15.0,7.7,4.0,1.3,28.0
15650,1787,2023-S04,12.7,9.7,2.8,1.6,26.8
15651,1787,2023-S05,14.8,9.2,4.8,1.8,30.6
15652,1787,2023-S06,18.2,7.5,3.3,1.8,30.8
15653,1787,2023-S07,21.0,9.0,1.3,1.7,33.0
15654,1787,2023-S08,24.4,5.8,5.8,4.8,40.8
15655,1787,2023-S09,13.7,9.1,1.6,3.6,28.0
15656,1787,2023-S10,23.1,6.0,2.0,2.6,33.7
15657,1787,2023-S11,10.6,7.7,4.1,3.0,25.4
15658,1787,2023-S12,15.2,7.9,3.1,4.9,31.1
15659,1787,2023-S13,13.4,7.0,1.1,3.0,24.5
15660,1787,2023-S14,19.3,6.2,2.2,1.5,29.2
15661,1787,2023-S15,18.2,7.2,5.7,2.8,33.9
15662,1787,2023-S16,23.7,2.1,5.7,1.2,32.7
15663,1787,2023-S17,18.9,7.7,3.3,4.8,34.7
15664,1787,2023-S18,18.0,6.1,1.1,3.7,28.9
15665,1787,2023-S19,20.1,7.1,2.7,4.4,34.3
15666,1787,2023-S20,13.5,6.7,5.4,2.1,27.7
15667,1787,2023-S21,18.5,5.6,2.0,1.1,27.2
15668,1787,2023-S22,13.8,8.4,3.7,2.6,28.5
15669,1787,2023-S23,13.1,9.8,2.5,4.4,29.8
15670,1787,2023-S24,10.9,9.8,3.3,3.8,27.8
15671,1787,2023-S25,11.5,5.6,5.2,2.0,24.3
15672,1787,2023-S26,11.8,5.4,5.3,2.3,24.8
15673,1787,2023-S27,17.7,6.9,3.5,1.9,30.0
15674,1787,2023-S28,19.0,5.3,1.7,1.1,27.1
15675,1787,2023-S29,19.4,4.3,4.2,3.1,31.0
15676,1787,2023-S30,21.4,4.9,5.2,2.0,33.5
15677,1787,2023-S31,23.5,6.3,5.5,1.9,37.2
15678,1787,2023-S32,16.0,3.4,1.2,1.9,22.5
15679,1787,2023-S33,12.1,8.6,2.5,3.0,26.2
15680,1787,2023-S34,10.9,7.3,4.3,1.5,24.0
15681,1239,2023-S01,19.2,4.9,1.4,1.2,26.7
15682,1239,2023-S02,14.5,4.9,5.7,1.1,26.2
15683,1239,2023-S03,10.1,4.8,5.3,3.6,23.8
15684,1239,2023-S04,24.3,9.3,4.2,4.5,42.3
15685,1239,2023-S05,22.8,3.6,4.4,4.3,35.1
15686,1239,2023-S06,12.3,3.9,4.6,4.8,25.6
15687,1239,2023-S07,13.1,6.0,5.3,1.9,26.3
15688,1239,2023-S08,17.5,8.7,3.0,2.0,31.2
15689,1239,2023-S09,20.9,4.2,4.7,1.4,31.2
15690,1239,2023-S10,19.5,4.8,5.0,3.4,32.7
15691,1239,2023-S11,18.0,7.3,5.2,1.7,32.2
15692,1239,2023-S12,12.8,8.6,4.4,4.9,30.7
15693,1239,2023-S13,22.4,2.4,4.6,3.4,32.8
15694,1239,2023-S14,20.2,7.4,3.0,4.6,35.2
15695,1239,2023-S15,11.2,2.7,5.5,4.4,23.8
15696,1239,2023-S16,20.9,4.8,6.0,5.0,36.7
15697,1239,2023-S17,22.1,8.5,1.3,2.8,34.7
15698,1239,2023-S18,16.2,5.7,3.4,4.8,30.1
15699,1239,2023-S19,12.5,7.5,3.6,2.0,25.6
15700,1239,2023-S20,12.0,4.2,2.9,1.6,20.7
15701,1239,2023-S21,12.2,7.9,4.3,1.3,25.7
15702,1239,2023-S22,17.2,6.0,1.5,2.6,27.3
15703,1239,2023-S23,22.0,7.8,5.8,2.9,38.5
15704,1239,2023-S24,15.4,5.5,3.2,1.1,25.2
15705,1239,2023-S25,16.4,2.5,2.3,1.5,22.7
15706,1239,2023-S26,13.3,4.5,4.4,1.3,23.5
15707,1239,2023-S27,12.8,9.3,2.9,1.5,26.5
15708,1239,2023-S28,22.8,9.0,5.9,4.0,41.7
15709,1239,2023-S29,15.8,4.3,2.7,3.0,25.8
15710,1239,2023-S30,10.1,7.5,2.3,1.3,21.2
15711,1239,2023-S31,11.9,4.2,2.8,2.5,21.4
15712,1239,2023-S32,24.8,4.5,3.0,2.0,34.3
15713,1239,2023-S33,17.0,7.0,2.1,3.0,29.1
15714,1239,2023-S34,17.1,8.5,5.1,4.2,34.9
15715,1879,2023-S01,12.7,3.8,4.8,4.4,25.7
15716,1879,2023-S02,20.7,9.8,3.2,1.1,34.8
15717,1879,2023-S03,18.3,8.6,2.0,2.2,31.1
15718,1879,2023-S04,12.2,7.5,1.3,1.2,22.2
15719,1879,2023-S05,12.9,7.7,3.5,4.4,28.5
15720,1879,2023-S06,20.2,3.0,2.9,4.0,30.1
15721,1879,2023-S07,15.3,3.1,3.8,3.5,25.7
15722,1879,2023-S08,22.9,9.0,3.5,1.5,36.9
15723,1879,2023-S09,10.2,2.8,1.5,3.2,17.7
15724,1879,2023-S10,24.4,4.5,5.7,4.3,38.9
15725,1879,2023-S11,11.6,10.0,5.4,1.3,28.3
15726,1879,2023-S12,12.0,3.0,4.0,3.8,22.8
15727,1879,2023-S13,10.1,7.5,1.2,4.1,22.9
15728,1879,2023-S14,20.9,8.2,2.9,2.1,34.1
15729,1879,2023-S15,16.3,7.6,3.3,3.0,30.2
15730,1879,2023-S16,12.9,6.6,2.0,2.7,24.2
15731,1879,2023-S17,13.5,6.8,2.1,4.4,26.8
15732,1879,2023-S18,18.2,4.9,3.2,3.3,29.6
15733,1879,2023-S19,18.1,5.5,5.9,3.0,32.5
15734,1879,2023-S20,17.4,2.9,2.7,2.2,25.2
15735,1879,2023-S21,18.6,5.0,2.2,1.6,27.4
15736,1879,2023-S22,13.9,5.1,2.9,1.4,23.3
15737,1879,2023-S23,18.0,7.1,2.6,3.1,30.8
15738,1879,2023-S24,19.2,2.0,4.1,3.8,29.1
15739,1879,2023-S25,19.7,3.3,2.0,1.8,26.8
15740,1879,2023-S26,19.0,5.4,1.1,2.1,27.6
15741,1879,2023-S27,12.0,2.2,5.0,2.4,21.6
15742,1879,2023-S28,11.1,8.1,3.7,1.2,24.1
15743,1879,2023-S29,19.9,8.6,5.9,2.0,36.4
15744,1879,2023-S30,13.1,7.0,2.4,2.9,25.4
15745,1879,2023-S31,15.1,3.3,3.8,4.8,27.0
15746,1879,2023-S32,23.0,6.9,5.6,3.8,39.3
15747,1879,2023-S33,16.0,5.8,5.1,3.5,30.4
15748,1879,2023-S34,12.8,8.0,3.8,4.1,28.7
15749,1002,2023-S01,22.6,2.8,3.7,4.1,33.2
15750,1002,2023-S02,15.5,8.9,2.3,2.8,29.5
15751,1002,2023-S03,21.9,4.3,1.4,1.1,28.7
15752,1002,2023-S04,24.0,7.5,2.8,2.8,37.1
15753,1002,2023-S05,13.2,5.2,5.8,4.0,28.2
15754,1002,2023-S06,23.2,9.0,3.2,2.8,38.2
15755,1002,2023-S07,20.3,8.5,3.4,1.4,33.6
15756,1002,2023-S08,14.9,7.5,2.4,1.6,26.4
15757,1002,2023-S09,20.0,9.6,4.1,1.2,34.9
15758,1002,2023-S10,24.4,7.8,2.8,2.9,37.9
15759,1002,2023-S11,23.2,8.5,1.8,4.5,38.0
15760,1002,2023-S12,23.2,7.8,4.5,2.7,38.2
15761,1002,2023-S13,18.2,6.2,4.9,1.2,30.5
15762,1002,2023-S14,18.6,4.2,2.6,3.9,29.3
15763,1002,2023-S15,24.2,8.7,1.9,1.4,36.2
15764,1002,2023-S16,17.0,5.3,4.5,1.7,28.5
15765,1002,2023-S17,21.8,4.2,4.3,2.0,32.3
15766,1002,2023-S18,11.2,2.6,2.1,1.0,16.9
15767,1002,2023-S19,19.2,3.2,3.5,1.2,27.1
15768,1002,2023-S20,16.7,9.2,3.0,1.2,30.1
15769,1002,2023-S21,24.5,7.2,4.8,1.6,38.1
15770,1002,2023-S22,11.9,9.7,2.4,4.7,28.7
15771,1002,2023-S23,22.4,6.7,4.8,2.7,36.6
15772,1002,2023-S24,13.9,2.1,1.3,1.6,18.9
15773,1002,2023-S25,18.9,9.2,2.8,2.7,33.6
15774,1002,2023-S26,15.2,8.5,2.7,3.5,29.9
15775,1002,2023-S27,24.2,9.5,3.0,3.7,40.4
15776,1002,2023-S28,11.8,3.3,5.3,1.0,21.4
15777,1002,2023-S29,23.1,5.4,2.6,2.3,33.4
15778,1002,2023-S30,24.0,2.4,4.3,1.1,31.8
15779,1002,2023-S31,22.0,4.2,4.1,3.4,33.7
15780,1002,2023-S32,18.0,3.3,4.3,4.4,30.0
15781,1002,2023-S33,17.1,9.2,4.0,1.9,32.2
15782,1002,2023-S34,15.3,7.2,1.9,1.7,26.1
15783,1128,2023-S01,18.4,4.0,5.5,1.5,29.4
15784,1128,2023-S02,20.3,6.4,1.1,4.0,31.8
15785,1128,2023-S03,10.9,5.2,3.4,4.8,24.3
15786,1128,2023-S04,20.3,9.6,3.7,3.1,36.7
15787,1128,2023-S05,18.8,3.9,2.1,3.7,28.5
15788,1128,2023-S06,22.7,7.8,4.8,1.8,37.1
15789,1128,2023-S07,19.4,9.5,3.5,3.8,36.2
15790,1128,2023-S08,12.0,6.5,1.3,1.9,21.7
15791,1128,2023-S09,17.6,8.0,5.3,3.2,34.1
15792,1128,2023-S10,17.9,8.3,2.3,3.5,32.0
15793,1128,2023-S11,24.4,2.7,2.0,1.5,30.6
15794,1128,2023-S12,19.8,3.8,2.2,1.8,27.6
15795,1128,2023-S13,11.5,9.3,1.3,2.7,24.8
15796,1128,2023-S14,12.1,8.7,2.5,1.1,24.4
15797,1128,2023-S15,15.5,8.9,4.6,4.0,33.0
15798,1128,2023-S16,21.2,7.3,5.7,3.2,37.4
15799,1128,2023-S17,19.2,3.9,5.8,1.8,30.7
15800,1128,2023-S18,20.2,5.9,4.3,1.9,32.3
15801,1128,2023-S19,21.2,2.5,5.2,3.2,32.1
15802,1128,2023-S20,19.2,8.7,3.9,3.1,34.9
15803,1128,2023-S21,20.4,6.5,3.5,2.1,32.5
15804,1128,2023-S22,17.8,2.1,5.7,2.3,27.9
15805,1128,2023-S23,15.2,5.3,2.4,2.2,25.1
15806,1128,2023-S24,22.7,9.0,3.3,1.2,36.2
15807,1128,2023-S25,16.2,5.1,3.3,2.1,26.7
15808,1128,2023-S26,17.9,2.5,5.2,3.1,28.7
15809,1128,2023-S27,19.4,9.7,5.6,3.2,37.9
15810,1128,2023-S28,24.6,2.9,1.7,2.2,31.4
15811,1128,2023-S29,19.4,5.5,2.1,3.5,30.5
15812,1128,2023-S30,16.8,8.2,3.9,2.0,30.9
15813,1128,2023-S31,10.3,4.0,3.2,1.2,18.7
15814,1128,2023-S32,13.7,2.1,6.0,2.7,24.5
15815,1128,2023-S33,10.2,4.2,1.5,4.6,20.5
15816,1128,2023-S34,21.1,6.8,3.3,4.1,35.3
15817,2067,2023-S01,16.8,9.2,4.4,1.9,32.3
15818,2067,2023-S02,10.3,2.4,1.9,4.0,18.6
15819,2067,2023-S03,24.7,9.6,1.8,4.5,40.6
15820,2067,2023-S04,23.6,4.9,3.6,1.3,33.4
15821,2067,2023-S05,18.5,4.0,1.6,1.3,25.4
15822,2067,2023-S06,13.3,7.6,3.5,3.5,27.9
15823,2067,2023-S07,23.7,2.5,3.0,4.5,33.7
15824,2067,2023-S08,23.2,2.1,5.0,1.3,31.6
15825,2067,2023-S09,21.3,4.6,5.9,1.6,33.4
15826,2067,2023-S10,13.8,9.4,3.8,4.0,31.0
15827,2067,2023-S11,24.3,7.1,2.8,4.2,38.4
15828,2067,2023-S12,20.9,6.5,3.5,3.6,34.5
15829,2067,2023-S13,19.4,9.8,2.7,3.9,35.8
15830,2067,2023-S14,14.6,4.9,2.5,4.4,26.4
15831,2067,2023-S15,18.6,9.2,4.2,4.2,36.2
15832,2067,2023-S16,13.2,7.5,1.3,1.2,23.2
15833,2067,2023-S17,20.9,6.7,4.9,1.9,34.4
15834,2067,2023-S18,15.3,4.9,5.3,3.4,28.9
15835,2067,2023-S19,10.4,5.8,4.3,2.6,23.1
15836,2067,2023-S20,22.5,8.8,5.2,4.4,40.9
15837,2067,2023-S21,21.0,6.9,1.7,3.9,33.5
15838,2067,2023-S22,18.9,2.6,5.4,4.4,31.3
15839,2067,2023-S23,19.8,9.2,3.4,2.3,34.7
15840,2067,2023-S24,23.1,5.6,3.4,4.4,36.5
15841,2067,2023-S25,12.4,3.1,3.1,4.6,23.2
15842,2067,2023-S26,24.1,9.6,1.6,5.0,40.3
15843,2067,2023-S27,11.7,6.5,2.0,4.9,25.1
15844,2067,2023-S28,22.5,4.7,1.5,3.0,31.7
15845,2067,2023-S29,11.4,8.2,1.8,3.6,25.0
15846,2067,2023-S30,14.8,3.5,3.3,3.6,25.2
15847,2067,2023-S31,13.2,4.5,1.4,1.5,20.6
15848,2067,2023-S32,20.6,3.6,5.8,4.1,34.1
15849,2067,2023-S33,15.1,6.9,3.0,2.2,27.2
15850,2067,2023-S34,13.9,2.2,2.6,3.3,22.0
15851,1651,2023-S01,17.3,6.4,2.1,4.5,30.3
15852,1651,2023-S02,12.6,5.9,5.8,1.3,25.6
15853,1651,2023-S03,10.2,5.7,3.2,2.4,21.5
15854,1651,2023-S04,10.6,5.0,5.1,1.0,21.7
15855,1651,2023-S05,19.8,8.9,1.1,3.1,32.9
15856,1651,2023-S06,16.1,4.8,1.8,1.6,24.3
15857,1651,2023-S07,14.5,8.7,4.2,1.6,29.0
15858,1651,2023-S08,23.3,5.7,5.1,2.0,36.1
15859,1651,2023-S09,17.8,9.9,2.5,4.9,35.1
15860,1651,2023-S10,10.7,2.6,3.0,1.6,17.9
15861,1651,2023-S11,15.0,6.5,2.2,3.9,27.6
15862,1651,2023-S12,22.7,6.2,5.5,3.8,38.2
15863,1651,2023-S13,20.2,9.1,2.6,1.3,33.2
15864,1651,2023-S14,18.5,3.3,4.0,2.1,27.9
15865,1651,2023-S15,15.6,3.8,1.1,3.4,23.9
15866,1651,2023-S16,21.1,9.4,1.1,3.0,34.6
15867,1651,2023-S17,19.8,9.3,2.1,2.4,33.6
15868,1651,2023-S18,11.7,7.6,5.8,2.9,28.0
15869,1651,2023-S19,17.8,5.4,1.1,4.0,28.3
15870,1651,2023-S20,12.6,6.6,3.5,1.8,24.5
15871,1651,2023-S21,18.3,3.4,2.3,1.1,25.1
15872,1651,2023-S22,14.0,5.2,4.1,1.5,24.8
15873,1651,2023-S23,15.3,2.8,3.4,2.1,23.6
15874,1651,2023-S24,22.7,2.3,4.2,5.0,34.2
15875,1651,2023-S25,23.3,8.4,5.2,3.1,40.0
15876,1651,2023-S26,15.4,3.5,3.1,3.9,25.9
15877,1651,2023-S27,20.0,6.9,3.1,1.0,31.0
15878,1651,2023-S28,12.6,2.2,3.8,4.8,23.4
15879,1651,2023-S29,18.0,9.5,4.5,2.8,34.8
15880,1651,2023-S30,10.9,4.5,3.0,4.8,23.2
15881,1651,2023-S31,15.0,9.0,2.4,1.2,27.6
15882,1651,2023-S32,18.1,6.0,5.4,1.8,31.3
15883,1651,2023-S33,17.4,2.5,5.0,1.8,26.7
15884,1651,2023-S34,14.6,2.7,4.9,3.1,25.3
15885,1503,2023-S01,14.5,3.1,4.9,1.1,23.6
15886,1503,2023-S02,20.7,5.4,1.3,4.1,31.5
15887,1503,2023-S03,17.5,8.8,2.5,1.6,30.4
15888,1503,2023-S04,11.5,8.1,2.2,4.9,26.7
15889,1503,2023-S05,23.4,9.9,5.4,2.9,41.6
15890,1503,2023-S06,22.7,3.1,2.8,4.3,32.9
15891,1503,2023-S07,17.6,4.7,2.4,2.2,26.9
15892,1503,2023-S08,13.1,3.4,4.2,3.4,24.1
15893,1503,2023-S09,24.4,8.5,2.8,2.0,37.7
15894,1503,2023-S10,22.6,3.8,1.2,4.6,32.2
15895,1503,2023-S11,20.4,4.0,1.9,3.3,29.6
15896,1503,2023-S12,10.5,9.2,4.2,2.1,26.0
15897,1503,2023-S13,13.8,3.0,3.4,1.5,21.7
15898,1503,2023-S14,21.6,3.5,4.8,1.5,31.4
15899,1503,2023-S15,12.8,8.2,2.2,4.0,27.2
15900,1503,2023-S16,23.4,2.1,2.1,3.5,31.1
15901,1503,2023-S17,19.8,3.1,3.5,3.1,29.5
15902,1503,2023-S18,20.9,8.4,4.4,5.0,38.7
15903,1503,2023-S19,21.1,2.2,4.2,1.6,29.1
15904,1503,2023-S20,16.4,8.1,1.2,4.3,30.0
15905,1503,2023-S21,14.3,9.0,5.0,2.5,30.8
15906,1503,2023-S22,18.8,7.3,3.5,3.7,33.3
15907,1503,2023-S23,16.9,3.5,1.7,3.2,25.3
15908,1503,2023-S24,12.9,7.1,3.4,4.7,28.1
15909,1503,2023-S25,21.0,3.2,3.2,2.3,29.7
15910,1503,2023-S26,24.8,8.8,3.4,4.4,41.4
15911,1503,2023-S27,17.7,7.3,1.1,3.9,30.0
15912,1503,2023-S28,20.6,3.8,4.0,2.8,31.2
15913,1503,2023-S29,21.1,9.6,1.9,1.8,34.4
15914,1503,2023-S30,23.6,8.1,4.2,2.7,38.6
15915,1503,2023-S31,23.2,6.7,1.4,1.2,32.5
15916,1503,2023-S32,23.2,2.8,3.4,2.3,31.7
15917,1503,2023-S33,20.5,7.7,4.9,3.6,36.7
15918,1503,2023-S34,17.4,2.1,1.1,4.7,25.3
15919,1534,2023-S01,23.8,3.4,2.0,4.4,33.6
15920,1534,2023-S02,21.6,6.5,2.4,1.3,31.8
15921,1534,2023-S03,15.9,6.8,3.5,3.6,29.8
15922,1534,2023-S04,13.7,6.4,2.2,3.9,26.2
15923,1534,2023-S05,20.1,9.6,4.3,4.9,38.9
15924,1534,2023-S06,19.8,6.7,5.0,2.7,34.2
15925,1534,2023-S07,14.9,2.6,3.6,3.4,24.5
15926,1534,2023-S08,12.2,7.2,1.4,1.1,21.9
15927,1534,2023-S09,10.6,2.7,2.7,2.4,18.4
15928,1534,2023-S10,10.2,8.1,4.8,2.1,25.2
15929,1534,2023-S11,17.3,2.2,2.1,3.2,24.8
15930,1534,2023-S12,20.4,6.0,3.4,2.1,31.9
15931,1534,2023-S13,14.4,9.1,1.1,4.3,28.9
15932,1534,2023-S14,17.1,3.5,1.7,2.5,24.8
15933,1534,2023-S15,13.5,5.9,3.0,1.8,24.2
15934,1534,2023-S16,20.4,8.1,3.0,4.7,36.2
15935,1534,2023-S17,22.0,2.4,5.2,1.7,31.3
15936,1534,2023-S18,23.7,8.5,4.0,1.5,37.7
15937,1534,2023-S19,18.0,4.9,3.5,2.4,28.8
15938,1534,2023-S20,24.3,7.2,5.7,2.7,39.9
15939,1534,2023-S21,15.5,6.8,5.6,1.9,29.8
15940,1534,2023-S22,14.0,7.4,3.5,1.7,26.6
15941,1534,2023-S23,13.8,7.8,3.9,3.4,28.9
15942,1534,2023-S24,24.2,3.6,2.3,2.5,32.6
15943,1534,2023-S25,21.5,8.2,3.0,4.5,37.2
15944,1534,2023-S26,14.6,4.4,2.1,2.0,23.1
15945,1534,2023-S27,23.6,8.8,6.0,2.3,40.7
15946,1534,2023-S28,23.0,9.3,4.1,1.0,37.4
15947,1534,2023-S29,18.9,7.1,3.5,4.5,34.0
15948,1534,2023-S30,18.3,9.9,2.6,4.0,34.8
15949,1534,2023-S31,16.1,6.3,1.1,3.0,26.5
15950,1534,2023-S32,14.6,7.6,4.7,2.8,29.7
15951,1534,2023-S33,11.9,5.7,3.3,1.1,22.0
15952,1534,2023-S34,24.9,4.6,1.2,2.7,33.4
15953,1956,2023-S01,17.1,3.1,1.4,4.5,26.1
15954,1956,2023-S02,20.2,8.3,1.2,1.1,30.8
15955,1956,2023-S03,16.7,4.9,3.4,2.7,27.7
15956,1956,2023-S04,15.9,5.6,3.6,3.8,28.9
15957,1956,2023-S05,14.5,8.1,4.5,2.9,30.0
15958,1956,2023-S06,22.9,8.7,2.9,1.7,36.2
15959,1956,2023-S07,16.0,7.6,2.9,3.7,30.2
15960,1956,2023-S08,16.7,9.2,3.1,1.7,30.7
15961,1956,2023-S09,24.3,8.7,5.8,4.9,43.7
15962,1956,2023-S10,17.4,8.2,3.4,3.9,32.9
15963,1956,2023-S11,24.5,4.0,2.3,2.4,33.2
15964,1956,2023-S12,22.1,5.2,5.7,3.6,36.6
15965,1956,2023-S13,12.5,8.6,4.7,3.4,29.2
15966,1956,2023-S14,20.0,3.0,2.7,2.5,28.2
15967,1956,2023-S15,15.2,8.4,5.8,3.5,32.9
15968,1956,2023-S16,12.1,7.3,1.6,1.8,22.8
15969,1956,2023-S17,12.2,7.4,1.1,3.8,24.5
15970,1956,2023-S18,16.5,5.8,4.0,4.6,30.9
15971,1956,2023-S19,18.3,6.7,4.9,1.2,31.1
15972,1956,2023-S20,19.4,5.7,2.9,3.6,31.6
15973,1956,2023-S21,12.4,9.2,2.0,3.7,27.3
15974,1956,2023-S22,11.6,9.3,2.1,4.0,27.0
15975,1956,2023-S23,10.5,7.5,4.0,3.1,25.1
15976,1956,2023-S24,22.7,2.7,5.1,1.7,32.2
15977,1956,2023-S25,22.6,2.5,4.8,1.1,31.0
15978,1956,2023-S26,17.4,5.9,5.4,3.2,31.9
15979,1956,2023-S27,12.6,3.9,5.7,3.6,25.8
15980,1956,2023-S28,14.7,9.8,3.1,1.5,29.1
15981,1956,2023-S29,15.1,7.9,3.9,3.7,30.6
15982,1956,2023-S30,17.2,3.5,5.4,1.0,27.1
15983,1956,2023-S31,17.8,2.6,1.3,4.4,26.1
15984,1956,2023-S32,11.4,4.1,4.3,2.9,22.7
15985,1956,2023-S33,20.9,5.9,2.9,4.2,33.9
15986,1956,2023-S34,19.2,5.1,6.0,2.2,32.5
15987,1671,2023-S01,13.0,6.1,3.3,1.8,24.2
15988,1671,2023-S02,10.7,5.5,4.1,2.2,22.5
15989,1671,2023-S03,16.0,9.9,1.4,2.9,30.2
15990,1671,2023-S04,16.9,7.2,2.2,3.3,29.6
15991,1671,2023-S05,14.0,4.2,2.5,1.7,22.4
15992,1671,2023-S06,21.9,5.0,5.1,3.3,35.3
15993,1671,2023-S07,18.3,3.4,4.8,1.2,27.7
15994,1671,2023-S08,19.1,7.5,2.7,4.6,33.9
15995,1671,2023-S09,11.1,2.0,4.1,2.8,20.0
15996,1671,2023-S10,22.5,4.7,5.7,2.6,35.5
15997,1671,2023-S11,23.1,2.5,2.4,2.4,30.4
15998,1671,2023-S12,18.2,2.3,5.8,5.0,31.3
15999,1671,2023-S13,21.8,6.2,5.9,2.8,36.7
16000,1671,2023-S14,12.9,2.8,6.0,1.5,23.2
16001,1671,2023-S15,12.9,5.4,1.2,1.0,20.5
16002,1671,2023-S16,13.0,2.8,2.0,4.0,21.8
16003,1671,2023-S17,20.1,3.1,4.9,4.9,33.0
16004,1671,2023-S18,10.3,8.5,2.6,4.6,26.0
16005,1671,2023-S19,17.6,5.3,4.9,4.8,32.6
16006,1671,2023-S20,22.0,2.7,5.8,1.6,32.1
16007,1671,2023-S21,18.2,8.5,5.0,2.0,33.7
16008,1671,2023-S22,16.6,5.1,1.1,2.4,25.2
16009,1671,2023-S23,18.7,4.0,4.3,1.3,28.3
16010,1671,2023-S24,18.1,6.6,3.4,3.8,31.9
16011,1671,2023-S25,23.3,4.8,3.6,1.9,33.6
16012,1671,2023-S26,14.9,3.0,2.3,3.4,23.6
16013,1671,2023-S27,11.2,9.2,3.8,1.9,26.1
16014,1671,2023-S28,18.2,6.7,1.9,3.1,29.9
16015,1671,2023-S29,19.3,6.5,2.8,3.1,31.7
16016,1671,2023-S30,20.8,6.6,5.4,2.8,35.6
16017,1671,2023-S31,13.0,7.5,4.6,3.5,28.6
16018,1671,2023-S32,15.7,6.2,1.2,4.8,27.9
16019,1671,2023-S33,14.8,7.5,4.3,2.6,29.2
16020,1671,2023-S34,15.2,2.9,2.9,4.6,25.6
16021,1645,2023-S01,24.8,7.1,2.5,2.9,37.3
16022,1645,2023-S02,24.9,5.0,2.3,4.5,36.7
16023,1645,2023-S03,23.1,2.2,1.3,4.7,31.3
16024,1645,2023-S04,19.7,6.0,5.0,1.6,32.3
16025,1645,2023-S05,21.2,5.0,2.5,4.0,32.7
16026,1645,2023-S06,12.4,8.5,1.3,3.1,25.3
16027,1645,2023-S07,14.8,8.7,2.6,2.9,29.0
16028,1645,2023-S08,18.3,2.2,3.7,2.4,26.6
16029,1645,2023-S09,15.6,3.4,5.9,2.0,26.9
16030,1645,2023-S10,23.8,9.3,1.9,2.6,37.6
16031,1645,2023-S11,22.4,5.5,4.5,1.1,33.5
16032,1645,2023-S12,12.2,10.0,5.7,1.3,29.2
16033,1645,2023-S13,20.1,7.8,4.1,4.5,36.5
16034,1645,2023-S14,24.6,2.8,5.8,3.2,36.4
16035,1645,2023-S15,24.2,6.9,2.6,2.7,36.4
16036,1645,2023-S16,10.9,5.0,3.9,2.0,21.8
16037,1645,2023-S17,12.7,3.1,2.0,3.0,20.8
16038,1645,2023-S18,23.8,5.2,2.7,2.0,33.7
16039,1645,2023-S19,24.3,2.4,4.8,5.0,36.5
16040,1645,2023-S20,17.1,3.0,1.4,1.7,23.2
16041,1645,2023-S21,22.7,3.1,3.3,1.7,30.8
16042,1645,2023-S22,15.9,9.6,3.4,3.7,32.6
16043,1645,2023-S23,19.4,6.9,5.3,5.0,36.6
16044,1645,2023-S24,18.5,7.3,2.2,4.9,32.9
16045,1645,2023-S25,23.6,2.1,4.6,3.2,33.5
16046,1645,2023-S26,13.7,4.3,3.9,2.0,23.9
16047,1645,2023-S27,12.1,8.2,5.4,1.6,27.3
16048,1645,2023-S28,12.3,7.8,6.0,4.0,30.1
16049,1645,2023-S29,24.7,9.8,5.1,3.4,43.0
16050,1645,2023-S30,23.0,5.6,1.7,2.5,32.8
16051,1645,2023-S31,13.1,6.0,4.1,1.3,24.5
16052,1645,2023-S32,12.2,9.0,1.1,1.7,24.0
16053,1645,2023-S33,13.3,5.8,4.2,4.3,27.6
16054,1645,2023-S34,20.2,8.9,1.1,4.2,34.4
16055,1125,2023-S01,24.8,8.2,2.0,2.1,37.1
16056,1125,2023-S02,16.9,4.0,5.3,2.6,28.8
16057,1125,2023-S03,12.4,6.7,2.0,1.4,22.5
16058,1125,2023-S04,18.9,4.7,4.2,3.7,31.5
16059,1125,2023-S05,23.5,9.4,2.8,1.3,37.0
16060,1125,2023-S06,21.7,9.0,1.8,4.1,36.6
16061,1125,2023-S07,20.2,6.5,3.2,2.4,32.3
16062,1125,2023-S08,24.4,8.2,2.9,3.8,39.3
16063,1125,2023-S09,13.4,3.1,4.4,1.9,22.8
16064,1125,2023-S10,22.3,7.6,5.8,3.3,39.0
16065,1125,2023-S11,23.3,2.8,2.5,2.6,31.2
16066,1125,2023-S12,14.4,3.8,1.0,1.3,20.5
16067,1125,2023-S13,20.1,3.8,3.9,2.3,30.1
16068,1125,2023-S14,13.4,9.8,1.9,1.5,26.6
16069,1125,2023-S15,20.0,4.9,5.1,1.1,31.1
16070,1125,2023-S16,12.6,6.2,3.5,3.6,25.9
16071,1125,2023-S17,18.0,3.8,2.9,2.3,27.0
16072,1125,2023-S18,23.0,2.5,5.4,3.7,34.6
16073,1125,2023-S19,21.5,5.1,5.6,4.8,37.0
16074,1125,2023-S20,18.6,2.5,5.4,1.8,28.3
16075,1125,2023-S21,16.1,7.9,2.9,4.2,31.1
16076,1125,2023-S22,15.8,5.2,1.7,3.7,26.4
16077,1125,2023-S23,17.4,4.5,1.7,2.7,26.3
16078,1125,2023-S24,12.7,4.4,1.2,2.7,21.0
16079,1125,2023-S25,18.2,7.7,3.5,2.9,32.3
16080,1125,2023-S26,23.1,9.4,4.2,3.2,39.9
16081,1125,2023-S27,15.8,6.8,3.4,1.2,27.2
16082,1125,2023-S28,16.7,8.6,2.5,5.0,32.8
16083,1125,2023-S29,11.5,9.2,1.1,4.0,25.8
16084,1125,2023-S30,19.2,9.1,1.5,4.7,34.5
16085,1125,2023-S31,19.1,3.1,5.4,4.1,31.7
16086,1125,2023-S32,20.8,6.6,4.9,4.0,36.3
16087,1125,2023-S33,13.7,7.7,1.7,3.5,26.6
16088,1125,2023-S34,10.4,5.3,3.5,4.8,24.0
16089,1899,2023-S01,13.4,4.9,5.1,2.6,26.0
16090,1899,2023-S02,14.8,5.1,5.4,3.5,28.8
16091,1899,2023-S03,24.1,8.1,4.5,4.7,41.4
16092,1899,2023-S04,15.6,7.2,5.6,4.2,32.6
16093,1899,2023-S05,16.0,2.1,1.1,2.1,21.3
16094,1899,2023-S06,16.5,7.1,1.1,3.9,28.6
16095,1899,2023-S07,11.6,9.5,1.5,3.3,25.9
16096,1899,2023-S08,19.3,2.0,4.1,4.2,29.6
16097,1899,2023-S09,21.2,3.4,2.4,2.7,29.7
16098,1899,2023-S10,16.7,5.3,3.3,4.2,29.5
16099,1899,2023-S11,22.7,4.9,2.2,4.1,33.9
16100,1899,2023-S12,21.0,9.0,5.2,1.3,36.5
16101,1899,2023-S13,22.6,7.8,2.2,3.0,35.6
16102,1899,2023-S14,12.8,8.4,6.0,1.6,28.8
16103,1899,2023-S15,14.9,6.7,4.1,3.3,29.0
16104,1899,2023-S16,14.7,9.1,3.5,2.2,29.5
16105,1899,2023-S17,24.9,2.7,3.7,2.7,34.0
16106,1899,2023-S18,22.4,5.0,5.6,1.4,34.4
16107,1899,2023-S19,15.9,8.3,1.9,3.2,29.3
16108,1899,2023-S20,18.3,6.7,2.3,3.1,30.4
16109,1899,2023-S21,18.6,6.5,5.8,2.2,33.1
16110,1899,2023-S22,20.4,9.3,1.6,4.1,35.4
16111,1899,2023-S23,20.4,4.9,3.6,1.6,30.5
16112,1899,2023-S24,23.6,2.1,4.4,1.6,31.7
16113,1899,2023-S25,13.2,4.5,6.0,4.5,28.2
16114,1899,2023-S26,10.6,9.7,2.7,1.2,24.2
16115,1899,2023-S27,19.8,8.2,3.9,3.8,35.7
16116,1899,2023-S28,17.8,2.2,1.8,2.7,24.5
16117,1899,2023-S29,20.4,2.4,3.4,1.7,27.9
16118,1899,2023-S30,14.7,4.1,3.5,1.0,23.3
16119,1899,2023-S31,18.8,5.5,4.3,4.0,32.6
16120,1899,2023-S32,19.8,8.0,1.4,1.3,30.5
16121,1899,2023-S33,11.8,3.2,1.6,4.7,21.3
16122,1899,2023-S34,18.0,7.8,3.7,3.1,32.6
16123,1610,2023-S01,20.8,2.7,4.2,2.6,30.3
16124,1610,2023-S02,24.1,6.9,3.4,4.0,38.4
16125,1610,2023-S03,12.1,9.0,5.4,4.4,30.9
16126,1610,2023-S04,23.8,6.2,5.0,2.1,37.1
16127,1610,2023-S05,24.6,5.2,1.5,3.3,34.6
16128,1610,2023-S06,21.4,4.5,4.0,2.5,32.4
16129,1610,2023-S07,21.2,8.5,4.4,4.3,38.4
16130,1610,2023-S08,16.6,2.1,4.1,2.0,24.8
16131,1610,2023-S09,20.5,7.2,1.4,4.7,33.8
16132,1610,2023-S10,15.8,3.0,2.7,1.3,22.8
16133,1610,2023-S11,20.0,9.2,5.3,4.5,39.0
16134,1610,2023-S12,13.3,9.3,2.1,1.4,26.1
16135,1610,2023-S13,20.3,2.9,2.9,2.9,29.0
16136,1610,2023-S14,10.6,8.6,1.5,2.4,23.1
16137,1610,2023-S15,22.5,2.1,1.3,2.9,28.8
16138,1610,2023-S16,16.5,5.7,2.9,3.7,28.8
16139,1610,2023-S17,15.3,5.4,5.7,5.0,31.4
16140,1610,2023-S18,23.3,2.5,5.2,2.2,33.2
16141,1610,2023-S19,25.0,2.4,3.8,4.7,35.9
16142,1610,2023-S20,24.6,4.3,2.5,1.4,32.8
16143,1610,2023-S21,22.0,6.0,1.9,2.9,32.8
16144,1610,2023-S22,24.7,7.0,5.0,4.6,41.3
16145,1610,2023-S23,19.3,2.6,5.2,4.8,31.9
16146,1610,2023-S24,16.5,8.1,5.1,3.4,33.1
16147,1610,2023-S25,12.4,4.2,4.7,4.2,25.5
16148,1610,2023-S26,14.7,6.8,3.5,3.8,28.8
16149,1610,2023-S27,15.5,2.9,5.8,1.9,26.1
16150,1610,2023-S28,23.7,4.8,3.9,1.8,34.2
16151,1610,2023-S29,13.8,8.3,1.9,4.9,28.9
16152,1610,2023-S30,18.2,2.7,3.4,2.6,26.9
16153,1610,2023-S31,13.8,8.0,4.8,2.7,29.3
16154,1610,2023-S32,23.3,6.9,4.8,4.0,39.0
16155,1610,2023-S33,19.4,3.5,4.2,2.8,29.9
16156,1610,2023-S34,17.8,5.8,2.6,3.7,29.9
16157,2075,2023-S01,16.6,8.7,1.4,1.4,28.1
16158,2075,2023-S02,21.2,5.3,3.1,3.6,33.2
16159,2075,2023-S03,24.3,2.8,4.4,4.3,35.8
16160,2075,2023-S04,16.5,6.9,5.1,3.4,31.9
16161,2075,2023-S05,24.0,5.7,5.8,4.2,39.7
16162,2075,2023-S06,12.0,4.8,4.3,2.6,23.7
16163,2075,2023-S07,18.8,6.3,5.6,2.3,33.0
16164,2075,2023-S08,11.6,4.3,4.0,2.0,21.9
16165,2075,2023-S09,13.0,3.8,4.8,4.5,26.1
16166,2075,2023-S10,19.3,8.5,3.2,1.1,32.1
16167,2075,2023-S11,11.0,9.5,3.5,2.5,26.5
16168,2075,2023-S12,20.3,6.6,4.4,3.0,34.3
16169,2075,2023-S13,22.4,6.6,5.6,2.1,36.7
16170,2075,2023-S14,19.3,10.0,4.1,1.3,34.7
16171,2075,2023-S15,10.6,6.9,5.3,2.8,25.6
16172,2075,2023-S16,14.6,9.3,2.4,4.3,30.6
16173,2075,2023-S17,12.1,5.0,5.1,2.3,24.5
16174,2075,2023-S18,23.4,9.7,1.7,3.4,38.2
16175,2075,2023-S19,22.6,3.1,3.3,3.3,32.3
16176,2075,2023-S20,17.3,7.6,1.3,4.1,30.3
16177,2075,2023-S21,12.7,6.1,2.4,4.3,25.5
16178,2075,2023-S22,23.2,3.8,4.3,1.4,32.7
16179,2075,2023-S23,16.0,2.6,5.9,2.0,26.5
16180,2075,2023-S24,18.5,7.1,4.0,2.4,32.0
16181,2075,2023-S25,12.4,5.6,5.8,4.2,28.0
16182,2075,2023-S26,17.8,2.1,2.6,2.1,24.6
16183,2075,2023-S27,17.4,2.4,5.3,4.7,29.8
16184,2075,2023-S28,22.6,6.5,3.4,1.9,34.4
16185,2075,2023-S29,20.8,7.0,5.1,2.7,35.6
16186,2075,2023-S30,11.9,8.5,4.7,3.6,28.7
16187,2075,2023-S31,13.5,5.1,2.3,4.1,25.0
16188,2075,2023-S32,16.8,3.2,3.7,1.6,25.3
16189,2075,2023-S33,11.3,7.3,4.7,3.2,26.5
16190,2075,2023-S34,12.6,8.1,4.9,2.0,27.6
16191,1204,2023-S01,10.3,6.5,4.8,2.8,24.4
16192,1204,2023-S02,12.6,9.6,2.5,2.8,27.5
16193,1204,2023-S03,21.5,4.0,5.7,4.9,36.1
16194,1204,2023-S04,20.8,8.8,5.8,4.6,40.0
16195,1204,2023-S05,16.2,6.1,5.7,2.1,30.1
16196,1204,2023-S06,12.4,6.2,1.7,2.8,23.1
16197,1204,2023-S07,13.3,8.1,4.8,2.2,28.4
16198,1204,2023-S08,23.1,8.5,1.8,2.9,36.3
16199,1204,2023-S09,19.1,7.1,2.3,2.9,31.4
16200,1204,2023-S10,20.2,5.8,2.3,2.8,31.1
16201,1204,2023-S11,17.5,2.6,1.1,2.5,23.7
16202,1204,2023-S12,22.5,7.8,3.7,4.3,38.3
16203,1204,2023-S13,23.9,7.1,2.1,2.7,35.8
16204,1204,2023-S14,14.5,2.4,4.1,3.5,24.5
16205,1204,2023-S15,18.2,6.4,5.5,2.4,32.5
16206,1204,2023-S16,20.5,2.3,4.2,3.5,30.5
16207,1204,2023-S17,13.2,6.3,2.5,2.5,24.5
16208,1204,2023-S18,18.1,7.4,2.2,1.6,29.3
16209,1204,2023-S19,24.9,2.5,5.5,1.3,34.2
16210,1204,2023-S20,24.9,2.3,1.9,4.7,33.8
16211,1204,2023-S21,22.5,3.0,2.3,1.9,29.7
16212,1204,2023-S22,13.9,7.6,3.3,4.9,29.7
16213,1204,2023-S23,19.5,8.3,2.2,2.5,32.5
16214,1204,2023-S24,21.7,3.9,3.6,4.4,33.6
16215,1204,2023-S25,15.1,6.6,4.4,2.6,28.7
16216,1204,2023-S26,19.5,6.2,2.0,3.7,31.4
16217,1204,2023-S27,23.4,8.0,4.5,1.4,37.3
16218,1204,2023-S28,20.6,2.8,3.0,3.9,30.3
16219,1204,2023-S29,21.7,5.2,2.4,2.3,31.6
16220,1204,2023-S30,17.8,8.9,2.2,2.0,30.9
16221,1204,2023-S31,15.7,4.0,3.6,4.6,27.9
16222,1204,2023-S32,21.5,9.2,1.8,2.8,35.3
16223,1204,2023-S33,24.9,9.5,5.4,3.3,43.1
16224,1204,2023-S34,17.1,5.6,2.2,3.1,28.0
16225,1530,2023-S01,14.7,3.4,4.9,2.3,25.3
16226,1530,2023-S02,10.9,8.6,1.2,1.6,22.3
16227,1530,2023-S03,16.5,2.7,1.3,3.7,24.2
16228,1530,2023-S04,23.0,8.3,2.9,2.0,36.2
16229,1530,2023-S05,21.2,2.7,5.7,4.3,33.9
16230,1530,2023-S06,15.6,3.0,2.3,3.3,24.2
16231,1530,2023-S07,22.9,2.7,1.9,1.7,29.2
16232,1530,2023-S08,25.0,7.1,4.4,1.8,38.3
16233,1530,2023-S09,20.0,4.1,1.6,3.6,29.3
16234,1530,2023-S10,18.7,4.0,3.9,1.6,28.2
16235,1530,2023-S11,16.2,7.8,2.6,1.4,28.0
16236,1530,2023-S12,18.0,7.6,5.8,1.2,32.6
16237,1530,2023-S13,12.7,3.4,2.1,2.3,20.5
16238,1530,2023-S14,21.7,3.3,4.3,4.0,33.3
16239,1530,2023-S15,18.2,6.6,3.1,1.6,29.5
16240,1530,2023-S16,23.9,3.2,5.8,3.2,36.1
16241,1530,2023-S17,22.2,4.4,2.2,3.9,32.7
16242,1530,2023-S18,18.9,8.3,1.1,3.5,31.8
16243,1530,2023-S19,10.8,4.6,1.7,4.5,21.6
16244,1530,2023-S20,17.8,2.8,4.5,3.2,28.3
16245,1530,2023-S21,22.8,5.3,1.9,2.0,32.0
16246,1530,2023-S22,15.2,7.9,4.7,1.9,29.7
16247,1530,2023-S23,10.0,4.6,3.5,4.0,22.1
16248,1530,2023-S24,13.9,2.1,4.0,4.9,24.9
16249,1530,2023-S25,15.5,3.3,3.3,2.9,25.0
16250,1530,2023-S26,19.5,6.5,1.7,1.6,29.3
16251,1530,2023-S27,12.8,7.8,2.4,4.2,27.2
16252,1530,2023-S28,17.2,6.3,2.4,1.3,27.2
16253,1530,2023-S29,16.6,3.1,2.5,1.1,23.3
16254,1530,2023-S30,16.7,7.8,4.2,3.8,32.5
16255,1530,2023-S31,16.7,7.2,4.2,4.8,32.9
16256,1530,2023-S32,11.5,6.2,5.7,2.2,25.6
16257,1530,2023-S33,22.0,9.0,3.1,2.5,36.6
16258,1530,2023-S34,19.0,8.0,2.0,3.3,32.3
16259,1613,2023-S01,10.4,9.7,1.7,4.6,26.4
16260,1613,2023-S02,23.7,2.4,6.0,3.7,35.8
16261,1613,2023-S03,15.7,7.6,5.4,4.1,32.8
16262,1613,2023-S04,15.2,3.4,4.4,4.0,27.0
16263,1613,2023-S05,11.9,2.5,5.9,5.0,25.3
16264,1613,2023-S06,17.7,8.6,5.0,4.4,35.7
16265,1613,2023-S07,19.5,3.9,1.5,4.6,29.5
16266,1613,2023-S08,20.8,4.5,3.6,2.5,31.4
16267,1613,2023-S09,18.9,8.0,5.4,1.1,33.4
16268,1613,2023-S10,16.8,2.4,4.5,3.3,27.0
16269,1613,2023-S11,15.0,9.0,1.7,4.3,30.0
16270,1613,2023-S12,16.8,2.1,3.0,2.8,24.7
16271,1613,2023-S13,14.6,6.0,3.6,4.9,29.1
16272,1613,2023-S14,10.2,7.0,3.0,3.8,24.0
16273,1613,2023-S15,24.8,8.4,3.2,4.8,41.2
16274,1613,2023-S16,14.1,9.0,5.6,4.5,33.2
16275,1613,2023-S17,24.9,9.4,3.2,3.2,40.7
16276,1613,2023-S18,18.8,9.8,2.6,4.6,35.8
16277,1613,2023-S19,23.4,7.8,2.8,1.6,35.6
16278,1613,2023-S20,12.2,5.9,3.8,3.6,25.5
16279,1613,2023-S21,17.6,9.2,4.4,3.9,35.1
16280,1613,2023-S22,22.8,5.0,5.0,3.7,36.5
16281,1613,2023-S23,17.6,3.3,5.1,3.0,29.0
16282,1613,2023-S24,21.7,6.8,3.0,3.2,34.7
16283,1613,2023-S25,16.9,5.9,5.4,2.6,30.8
16284,1613,2023-S26,21.5,2.6,1.6,4.7,30.4
16285,1613,2023-S27,10.8,9.1,4.4,3.3,27.6
16286,1613,2023-S28,12.3,7.3,2.1,4.6,26.3
16287,1613,2023-S29,21.5,3.2,1.1,3.9,29.7
16288,1613,2023-S30,12.5,5.6,5.0,1.0,24.1
16289,1613,2023-S31,24.1,2.6,4.8,2.9,34.4
16290,1613,2023-S32,21.2,2.3,3.8,3.0,30.3
16291,1613,2023-S33,13.7,7.8,3.1,2.9,27.5
16292,1613,2023-S34,11.0,5.4,2.0,4.3,22.7
16293,1627,2023-S01,24.9,9.9,2.2,3.5,40.5
16294,1627,2023-S02,20.8,3.4,2.5,4.8,31.5
16295,1627,2023-S03,11.3,3.9,3.7,3.5,22.4
16296,1627,2023-S04,16.6,4.6,1.0,4.6,26.8
16297,1627,2023-S05,10.2,9.4,2.0,4.3,25.9
16298,1627,2023-S06,21.4,9.0,1.2,1.4,33.0
16299,1627,2023-S07,16.4,8.7,3.4,1.4,29.9
16300,1627,2023-S08,11.1,9.7,3.7,3.2,27.7
16301,1627,2023-S09,18.3,7.7,5.4,1.2,32.6
16302,1627,2023-S10,12.4,8.7,2.5,3.0,26.6
16303,1627,2023-S11,11.0,5.0,2.5,1.8,20.3
16304,1627,2023-S12,14.0,5.0,4.2,2.7,25.9
16305,1627,2023-S13,25.0,7.8,3.8,2.2,38.8
16306,1627,2023-S14,18.0,6.6,1.7,2.3,28.6
16307,1627,2023-S15,17.6,8.8,4.5,4.7,35.6
16308,1627,2023-S16,17.3,5.0,2.5,4.3,29.1
16309,1627,2023-S17,19.1,8.8,3.3,4.5,35.7
16310,1627,2023-S18,10.8,9.7,1.8,3.6,25.9
16311,1627,2023-S19,16.9,6.9,3.4,3.5,30.7
16312,1627,2023-S20,15.7,4.0,1.6,4.7,26.0
16313,1627,2023-S21,20.3,6.8,2.6,4.5,34.2
16314,1627,2023-S22,10.5,6.4,5.5,2.7,25.1
16315,1627,2023-S23,10.8,8.5,1.5,1.2,22.0
16316,1627,2023-S24,22.0,10.0,3.0,1.9,36.9
16317,1627,2023-S25,12.4,3.2,5.8,2.7,24.1
16318,1627,2023-S26,23.3,4.6,5.0,3.8,36.7
16319,1627,2023-S27,13.9,4.7,1.8,3.5,23.9
16320,1627,2023-S28,19.7,3.1,2.4,4.5,29.7
16321,1627,2023-S29,15.2,3.6,4.1,3.5,26.4
16322,1627,2023-S30,16.7,7.2,4.4,1.5,29.8
16323,1627,2023-S31,10.5,4.3,5.9,1.6,22.3
16324,1627,2023-S32,23.4,3.3,5.8,3.4,35.9
16325,1627,2023-S33,22.5,3.4,4.4,3.9,34.2
16326,1627,2023-S34,20.1,5.0,3.1,3.7,31.9
16327,1486,2023-S01,10.1,5.3,1.6,4.7,21.7
16328,1486,2023-S02,16.0,4.7,5.7,2.6,29.0
16329,1486,2023-S03,11.4,4.8,5.6,2.0,23.8
16330,1486,2023-S04,15.5,6.4,5.0,3.2,30.1
16331,1486,2023-S05,10.8,9.7,4.4,1.2,26.1
16332,1486,2023-S06,16.0,2.2,3.1,3.7,25.0
16333,1486,2023-S07,21.4,5.8,5.0,3.6,35.8
16334,1486,2023-S08,12.8,5.5,1.2,4.2,23.7
16335,1486,2023-S09,21.0,8.9,3.7,4.7,38.3
16336,1486,2023-S10,23.6,5.4,2.2,3.4,34.6
16337,1486,2023-S11,23.4,6.0,1.7,4.8,35.9
16338,1486,2023-S12,13.7,6.7,5.8,1.1,27.3
16339,1486,2023-S13,20.2,7.8,3.5,3.1,34.6
16340,1486,2023-S14,12.5,9.0,3.9,4.2,29.6
16341,1486,2023-S15,13.0,2.1,4.3,3.5,22.9
16342,1486,2023-S16,11.7,4.6,3.1,1.2,20.6
16343,1486,2023-S17,14.0,5.9,1.5,1.8,23.2
16344,1486,2023-S18,17.1,7.3,1.1,1.8,27.3
16345,1486,2023-S19,17.6,9.0,3.4,1.2,31.2
16346,1486,2023-S20,12.8,2.4,4.6,4.8,24.6
16347,1486,2023-S21,24.1,4.9,4.3,1.4,34.7
16348,1486,2023-S22,18.2,9.5,3.9,4.6,36.2
16349,1486,2023-S23,10.9,4.6,1.9,3.4,20.8
16350,1486,2023-S24,14.0,3.8,2.8,3.7,24.3
16351,1486,2023-S25,23.2,3.6,2.0,3.4,32.2
16352,1486,2023-S26,20.3,3.7,4.2,1.3,29.5
16353,1486,2023-S27,12.6,4.4,5.0,1.6,23.6
16354,1486,2023-S28,17.7,7.1,2.0,3.8,30.6
16355,1486,2023-S29,13.3,7.0,2.2,1.6,24.1
16356,1486,2023-S30,17.4,5.4,3.9,4.6,31.3
16357,1486,2023-S31,22.3,7.4,3.4,3.6,36.7
16358,1486,2023-S32,14.5,9.2,5.3,1.0,30.0
16359,1486,2023-S33,19.5,6.1,1.6,1.1,28.3
16360,1486,2023-S34,21.1,9.3,4.6,1.1,36.1
16361,1537,2023-S01,20.9,6.5,3.1,2.5,33.0
16362,1537,2023-S02,17.9,4.7,5.9,1.8,30.3
16363,1537,2023-S03,19.6,3.5,2.2,3.7,29.0
16364,1537,2023-S04,16.9,4.4,3.3,4.1,28.7
16365,1537,2023-S05,20.2,6.1,5.7,1.2,33.2
16366,1537,2023-S06,13.0,9.9,5.3,1.8,30.0
16367,1537,2023-S07,13.2,7.6,2.6,2.7,26.1
16368,1537,2023-S08,14.7,3.8,5.8,4.7,29.0
16369,1537,2023-S09,11.5,9.5,5.0,2.6,28.6
16370,1537,2023-S10,22.0,7.8,4.9,3.2,37.9
16371,1537,2023-S11,23.5,4.3,5.3,3.7,36.8
16372,1537,2023-S12,16.8,9.6,3.1,4.5,34.0
16373,1537,2023-S13,15.3,8.8,1.1,2.1,27.3
16374,1537,2023-S14,19.8,8.5,4.9,1.0,34.2
16375,1537,2023-S15,16.6,3.9,5.6,2.6,28.7
16376,1537,2023-S16,19.3,3.0,5.4,1.5,29.2
16377,1537,2023-S17,17.8,2.2,1.9,2.2,24.1
16378,1537,2023-S18,10.2,6.7,3.4,1.3,21.6
16379,1537,2023-S19,23.4,2.0,1.9,1.9,29.2
16380,1537,2023-S20,19.5,7.6,5.9,3.3,36.3
16381,1537,2023-S21,21.9,5.3,3.1,4.4,34.7
16382,1537,2023-S22,18.4,9.4,4.2,2.1,34.1
16383,1537,2023-S23,21.1,6.9,4.4,3.1,35.5
16384,1537,2023-S24,11.4,8.7,1.3,4.5,25.9
16385,1537,2023-S25,10.6,3.3,4.0,4.1,22.0
16386,1537,2023-S26,14.4,3.4,1.8,1.8,21.4
16387,1537,2023-S27,14.4,3.6,1.6,4.1,23.7
16388,1537,2023-S28,23.2,3.8,1.2,1.2,29.4
16389,1537,2023-S29,10.8,7.9,1.8,2.3,22.8
16390,1537,2023-S30,10.0,2.2,1.6,1.8,15.6
16391,1537,2023-S31,10.0,4.7,3.5,3.6,21.8
16392,1537,2023-S32,10.4,2.2,3.3,1.6,17.5
16393,1537,2023-S33,10.3,7.6,2.6,2.6,23.1
16394,1537,2023-S34,13.2,6.1,3.2,2.7,25.2
16395,1575,2023-S01,12.4,8.5,4.9,2.1,27.9
16396,1575,2023-S02,17.9,4.3,2.2,4.4,28.8
16397,1575,2023-S03,10.1,3.8,2.8,2.7,19.4
16398,1575,2023-S04,24.2,5.3,1.1,3.9,34.5
16399,1575,2023-S05,24.8,5.9,4.8,4.7,40.2
16400,1575,2023-S06,19.5,4.6,3.3,2.0,29.4
16401,1575,2023-S07,16.6,5.1,5.9,2.0,29.6
16402,1575,2023-S08,18.2,3.9,3.9,2.1,28.1
16403,1575,2023-S09,23.1,3.8,3.5,4.1,34.5
16404,1575,2023-S10,19.2,4.5,5.0,2.0,30.7
16405,1575,2023-S11,22.5,2.2,2.2,3.1,30.0
16406,1575,2023-S12,17.1,6.5,1.8,3.4,28.8
16407,1575,2023-S13,13.6,8.2,4.6,2.8,29.2
16408,1575,2023-S14,17.7,6.7,5.4,4.0,33.8
16409,1575,2023-S15,18.0,4.3,5.0,3.8,31.1
16410,1575,2023-S16,18.0,8.2,5.4,2.5,34.1
16411,1575,2023-S17,20.1,6.0,1.9,3.2,31.2
16412,1575,2023-S18,15.0,2.6,4.8,1.2,23.6
16413,1575,2023-S19,14.3,2.7,2.3,3.2,22.5
16414,1575,2023-S20,22.7,4.9,1.5,4.6,33.7
16415,1575,2023-S21,15.3,8.9,2.3,4.7,31.2
16416,1575,2023-S22,22.4,3.5,5.2,4.7,35.8
16417,1575,2023-S23,17.8,2.1,4.1,3.9,27.9
16418,1575,2023-S24,20.9,6.4,5.3,3.2,35.8
16419,1575,2023-S25,14.2,8.3,4.3,2.5,29.3
16420,1575,2023-S26,14.0,3.1,5.0,2.6,24.7
16421,1575,2023-S27,18.1,2.4,3.1,1.3,24.9
16422,1575,2023-S28,15.1,5.1,4.4,4.9,29.5
16423,1575,2023-S29,22.9,3.1,4.4,2.7,33.1
16424,1575,2023-S30,12.8,5.4,2.8,1.5,22.5
16425,1575,2023-S31,20.0,7.3,1.6,4.2,33.1
16426,1575,2023-S32,13.4,7.3,5.3,4.9,30.9
16427,1575,2023-S33,12.0,4.2,4.4,2.2,22.8
16428,1575,2023-S34,23.9,7.5,3.3,4.6,39.3
16429,1842,2023-S01,18.7,4.1,5.4,2.1,30.3
16430,1842,2023-S02,11.5,3.8,2.1,1.2,18.6
16431,1842,2023-S03,20.6,4.3,2.5,3.9,31.3
16432,1842,2023-S04,10.0,7.8,3.4,1.0,22.2
16433,1842,2023-S05,21.1,7.5,2.9,1.6,33.1
16434,1842,2023-S06,17.6,9.3,1.3,3.9,32.1
16435,1842,2023-S07,23.7,8.1,1.5,2.7,36.0
16436,1842,2023-S08,14.4,2.4,4.8,4.1,25.7
16437,1842,2023-S09,12.2,4.9,4.8,2.6,24.5
16438,1842,2023-S10,19.3,7.0,3.5,1.1,30.9
16439,1842,2023-S11,21.6,6.3,5.2,1.4,34.5
16440,1842,2023-S12,17.9,6.3,4.0,2.5,30.7
16441,1842,2023-S13,24.1,4.6,1.4,1.3,31.4
16442,1842,2023-S14,14.2,7.7,5.8,3.4,31.1
16443,1842,2023-S15,24.9,2.5,4.8,1.3,33.5
16444,1842,2023-S16,21.8,3.4,4.7,2.9,32.8
16445,1842,2023-S17,12.4,8.2,2.6,1.6,24.8
16446,1842,2023-S18,11.2,5.3,3.2,4.4,24.1
16447,1842,2023-S19,13.2,9.1,3.9,2.9,29.1
16448,1842,2023-S20,16.4,5.6,4.5,3.3,29.8
16449,1842,2023-S21,20.3,6.5,2.1,3.2,32.1
16450,1842,2023-S22,22.4,7.3,2.7,3.4,35.8
16451,1842,2023-S23,16.7,2.9,5.1,1.3,26.0
16452,1842,2023-S24,17.8,9.2,4.5,2.1,33.6
16453,1842,2023-S25,17.8,2.9,4.7,1.1,26.5
16454,1842,2023-S26,16.5,3.7,4.1,4.4,28.7
16455,1842,2023-S27,13.9,5.6,4.5,4.1,28.1
16456,1842,2023-S28,16.6,3.7,5.2,4.0,29.5
16457,1842,2023-S29,11.6,5.3,2.7,3.6,23.2
16458,1842,2023-S30,19.2,5.2,1.2,3.8,29.4
16459,1842,2023-S31,12.0,7.6,4.1,1.7,25.4
16460,1842,2023-S32,20.1,3.2,5.1,1.1,29.5
16461,1842,2023-S33,14.6,10.0,5.9,2.3,32.8
16462,1842,2023-S34,19.3,3.5,5.2,1.4,29.4
16463,1345,2023-S01,13.7,8.2,2.4,3.4,27.7
16464,1345,2023-S02,21.0,7.8,2.2,4.3,35.3
16465,1345,2023-S03,14.3,7.5,2.3,1.3,25.4
16466,1345,2023-S04,15.3,3.2,5.3,2.0,25.8
16467,1345,2023-S05,21.7,7.9,4.4,1.5,35.5
16468,1345,2023-S06,13.3,3.7,5.7,2.4,25.1
16469,1345,2023-S07,10.8,9.4,2.9,3.7,26.8
16470,1345,2023-S08,23.5,6.7,5.9,2.4,38.5
16471,1345,2023-S09,10.9,4.0,4.9,2.4,22.2
16472,1345,2023-S10,14.6,10.0,4.9,3.6,33.1
16473,1345,2023-S11,12.1,9.9,1.9,3.3,27.2
16474,1345,2023-S12,12.3,4.0,5.2,4.9,26.4
16475,1345,2023-S13,24.7,5.5,3.1,2.8,36.1
16476,1345,2023-S14,19.7,7.2,2.4,4.3,33.6
16477,1345,2023-S15,15.9,3.1,3.0,3.5,25.5
16478,1345,2023-S16,17.4,8.7,1.2,4.1,31.4
16479,1345,2023-S17,12.0,3.4,2.1,1.3,18.8
16480,1345,2023-S18,16.9,7.2,3.9,3.9,31.9
16481,1345,2023-S19,21.6,8.1,4.7,4.8,39.2
16482,1345,2023-S20,11.6,2.5,2.8,2.2,19.1
16483,1345,2023-S21,22.9,5.1,4.1,1.4,33.5
16484,1345,2023-S22,21.3,8.8,3.4,4.4,37.9
16485,1345,2023-S23,18.4,6.3,5.5,1.6,31.8
16486,1345,2023-S24,21.6,7.1,3.9,1.8,34.4
16487,1345,2023-S25,11.4,3.4,1.5,4.2,20.5
16488,1345,2023-S26,22.2,6.9,3.4,2.9,35.4
16489,1345,2023-S27,17.8,5.3,1.9,4.6,29.6
16490,1345,2023-S28,24.6,7.6,1.5,2.6,36.3
16491,1345,2023-S29,16.3,6.3,3.0,5.0,30.6
16492,1345,2023-S30,15.8,7.3,4.2,2.1,29.4
16493,1345,2023-S31,14.9,6.6,1.0,4.0,26.5
16494,1345,2023-S32,24.0,3.3,2.8,2.5,32.6
16495,1345,2023-S33,22.3,7.1,4.6,4.3,38.3
16496,1345,2023-S34,19.1,6.5,5.0,3.1,33.7
16497,1819,2023-S01,24.4,5.8,1.4,4.1,35.7
16498,1819,2023-S02,22.2,3.6,4.5,1.9,32.2
16499,1819,2023-S03,21.6,3.5,1.6,2.0,28.7
16500,1819,2023-S04,11.8,7.6,4.4,3.0,26.8
16501,1819,2023-S05,10.8,7.8,2.4,2.2,23.2
16502,1819,2023-S06,23.3,6.2,5.6,4.6,39.7
16503,1819,2023-S07,18.6,7.2,5.2,2.1,33.1
16504,1819,2023-S08,18.7,6.9,1.4,2.0,29.0
16505,1819,2023-S09,21.0,3.8,3.4,3.4,31.6
16506,1819,2023-S10,16.1,9.8,2.7,1.0,29.6
16507,1819,2023-S11,19.2,5.2,1.3,2.7,28.4
16508,1819,2023-S12,14.2,2.0,2.0,1.1,19.3
16509,1819,2023-S13,21.3,5.8,3.1,3.9,34.1
16510,1819,2023-S14,11.3,9.7,2.9,4.0,27.9
16511,1819,2023-S15,15.9,2.3,2.4,3.2,23.8
16512,1819,2023-S16,13.2,9.9,2.4,4.3,29.8
16513,1819,2023-S17,17.6,7.3,1.5,2.2,28.6
16514,1819,2023-S18,14.5,9.7,2.2,4.0,30.4
16515,1819,2023-S19,24.0,8.7,2.6,3.6,38.9
16516,1819,2023-S20,20.8,8.2,2.8,1.6,33.4
16517,1819,2023-S21,13.4,3.6,3.7,1.2,21.9
16518,1819,2023-S22,22.7,8.1,3.5,3.5,37.8
16519,1819,2023-S23,17.7,2.4,5.3,1.8,27.2
16520,1819,2023-S24,20.4,9.3,1.1,1.9,32.7
16521,1819,2023-S25,10.0,9.5,4.2,4.3,28.0
16522,1819,2023-S26,15.3,5.7,3.0,2.0,26.0
16523,1819,2023-S27,20.1,6.1,3.5,1.5,31.2
16524,1819,2023-S28,19.9,6.8,3.4,4.1,34.2
16525,1819,2023-S29,24.9,3.8,1.7,1.4,31.8
16526,1819,2023-S30,19.0,2.4,4.1,1.5,27.0
16527,1819,2023-S31,19.0,6.2,1.7,3.7,30.6
16528,1819,2023-S32,18.3,9.0,3.9,4.6,35.8
16529,1819,2023-S33,24.7,8.7,2.4,3.5,39.3
16530,1819,2023-S34,19.2,8.7,2.1,2.5,32.5
16531,1817,2023-S01,24.6,9.2,4.0,3.5,41.3
16532,1817,2023-S02,16.3,2.9,4.1,1.1,24.4
16533,1817,2023-S03,23.4,6.2,1.8,4.1,35.5
16534,1817,2023-S04,12.2,8.8,3.8,3.8,28.6
16535,1817,2023-S05,12.7,5.0,3.3,2.3,23.3
16536,1817,2023-S06,17.5,3.1,4.5,2.3,27.4
16537,1817,2023-S07,12.0,7.1,1.1,1.3,21.5
16538,1817,2023-S08,18.2,9.3,5.2,2.8,35.5
16539,1817,2023-S09,10.7,6.9,2.8,4.1,24.5
16540,1817,2023-S10,21.9,6.0,3.4,3.9,35.2
16541,1817,2023-S11,23.3,6.4,4.9,2.9,37.5
16542,1817,2023-S12,12.8,2.1,4.1,4.3,23.3
16543,1817,2023-S13,17.5,6.8,1.7,4.7,30.7
16544,1817,2023-S14,15.9,5.4,1.7,2.3,25.3
16545,1817,2023-S15,17.6,6.3,2.9,2.8,29.6
16546,1817,2023-S16,17.5,8.2,4.8,4.9,35.4
16547,1817,2023-S17,16.0,8.8,4.2,2.7,31.7
16548,1817,2023-S18,11.0,7.6,4.7,4.7,28.0
16549,1817,2023-S19,10.1,3.7,1.4,3.9,19.1
16550,1817,2023-S20,14.5,2.4,2.0,3.2,22.1
16551,1817,2023-S21,10.0,4.8,2.0,2.4,19.2
16552,1817,2023-S22,23.8,2.1,2.8,3.1,31.8
16553,1817,2023-S23,15.6,3.5,4.4,2.3,25.8
16554,1817,2023-S24,23.4,4.3,1.9,2.3,31.9
16555,1817,2023-S25,11.0,9.3,5.6,5.0,30.9
16556,1817,2023-S26,16.6,6.2,2.1,4.8,29.7
16557,1817,2023-S27,22.0,5.1,1.5,3.1,31.7
16558,1817,2023-S28,24.6,3.5,2.8,3.7,34.6
16559,1817,2023-S29,17.7,2.9,4.5,3.4,28.5
16560,1817,2023-S30,20.4,8.0,4.2,2.5,35.1
16561,1817,2023-S31,13.9,7.8,4.8,3.4,29.9
16562,1817,2023-S32,21.4,5.4,2.3,3.9,33.0
16563,1817,2023-S33,14.9,9.5,1.1,4.0,29.5
16564,1817,2023-S34,20.2,7.7,1.3,4.7,33.9
16565,1358,2023-S01,23.8,8.4,4.6,3.2,40.0
16566,1358,2023-S02,17.6,7.7,3.5,2.2,31.0
16567,1358,2023-S03,20.7,4.2,5.9,4.6,35.4
16568,1358,2023-S04,15.4,7.7,5.1,2.2,30.4
16569,1358,2023-S05,12.7,6.7,4.2,1.6,25.2
16570,1358,2023-S06,12.3,5.2,3.9,1.6,23.0
16571,1358,2023-S07,21.5,3.8,4.7,4.6,34.6
16572,1358,2023-S08,19.4,3.3,5.9,2.7,31.3
16573,1358,2023-S09,18.1,6.4,2.7,1.4,28.6
16574,1358,2023-S10,10.6,7.6,2.1,3.4,23.7
16575,1358,2023-S11,11.1,3.5,5.1,2.4,22.1
16576,1358,2023-S12,23.5,2.2,4.8,2.1,32.6
16577,1358,2023-S13,22.8,8.4,3.5,1.6,36.3
16578,1358,2023-S14,21.3,8.4,1.1,4.5,35.3
16579,1358,2023-S15,19.2,6.0,3.8,4.5,33.5
16580,1358,2023-S16,22.4,9.2,2.0,4.4,38.0
16581,1358,2023-S17,19.1,4.1,4.2,2.6,30.0
16582,1358,2023-S18,18.2,4.8,1.7,3.7,28.4
16583,1358,2023-S19,12.4,8.7,5.0,3.3,29.4
16584,1358,2023-S20,11.6,8.1,5.8,4.3,29.8
16585,1358,2023-S21,22.6,4.5,4.9,4.3,36.3
16586,1358,2023-S22,24.2,8.4,3.0,4.4,40.0
16587,1358,2023-S23,17.0,3.3,1.1,1.2,22.6
16588,1358,2023-S24,16.5,5.9,3.8,4.1,30.3
16589,1358,2023-S25,19.0,3.6,2.0,1.9,26.5
16590,1358,2023-S26,22.3,2.8,5.5,1.7,32.3
16591,1358,2023-S27,23.8,9.8,3.3,3.9,40.8
16592,1358,2023-S28,21.9,2.7,3.7,2.1,30.4
16593,1358,2023-S29,17.4,6.6,1.1,1.6,26.7
16594,1358,2023-S30,11.5,8.8,2.4,3.3,26.0
16595,1358,2023-S31,10.9,9.7,2.7,2.3,25.6
16596,1358,2023-S32,17.7,6.1,2.6,2.9,29.3
16597,1358,2023-S33,24.6,9.9,1.1,1.6,37.2
16598,1358,2023-S34,22.2,9.7,3.3,4.3,39.5
16599,1849,2023-S01,24.0,4.8,1.2,4.1,34.1
16600,1849,2023-S02,19.6,3.6,4.4,4.1,31.7
16601,1849,2023-S03,10.0,9.8,3.1,4.9,27.8
16602,1849,2023-S04,22.6,7.5,3.7,2.4,36.2
16603,1849,2023-S05,10.9,7.7,5.7,3.5,27.8
16604,1849,2023-S06,20.8,3.6,1.3,3.1,28.8
16605,1849,2023-S07,15.3,9.4,1.4,1.5,27.6
16606,1849,2023-S08,23.3,10.0,4.7,4.3,42.3
16607,1849,2023-S09,14.3,4.6,3.7,1.4,24.0
16608,1849,2023-S10,22.1,7.3,1.9,4.2,35.5
16609,1849,2023-S11,23.1,2.2,5.0,4.7,35.0
16610,1849,2023-S12,11.0,3.4,2.6,1.1,18.1
16611,1849,2023-S13,19.0,2.6,3.4,4.7,29.7
16612,1849,2023-S14,20.7,6.5,1.1,4.9,33.2
16613,1849,2023-S15,17.0,7.6,1.1,5.0,30.7
16614,1849,2023-S16,12.8,4.6,5.2,1.2,23.8
16615,1849,2023-S17,24.1,8.5,2.7,1.3,36.6
16616,1849,2023-S18,20.3,8.4,4.2,1.1,34.0
16617,1849,2023-S19,19.0,3.4,5.2,4.1,31.7
16618,1849,2023-S20,13.3,9.0,4.5,3.6,30.4
16619,1849,2023-S21,17.3,5.7,4.6,3.5,31.1
16620,1849,2023-S22,16.3,2.4,2.8,3.5,25.0
16621,1849,2023-S23,23.4,3.0,2.0,4.4,32.8
16622,1849,2023-S24,21.9,8.9,2.2,1.3,34.3
16623,1849,2023-S25,11.4,7.9,2.6,3.0,24.9
16624,1849,2023-S26,12.4,9.3,1.4,3.8,26.9
16625,1849,2023-S27,18.0,8.3,1.5,4.8,32.6
16626,1849,2023-S28,20.3,7.5,2.3,1.3,31.4
16627,1849,2023-S29,19.1,5.3,2.1,1.1,27.6
16628,1849,2023-S30,13.9,8.6,4.3,3.4,30.2
16629,1849,2023-S31,17.8,3.8,2.6,1.2,25.4
16630,1849,2023-S32,23.1,9.8,4.1,3.5,40.5
16631,1849,2023-S33,13.6,4.0,4.0,4.5,26.1
16632,1849,2023-S34,22.9,2.8,4.7,2.4,32.8
16633,1444,2023-S01,14.7,4.2,3.7,2.6,25.2
16634,1444,2023-S02,10.8,7.4,5.0,3.9,27.1
16635,1444,2023-S03,17.4,4.7,5.7,4.3,32.1
16636,1444,2023-S04,10.9,3.3,1.3,4.4,19.9
16637,1444,2023-S05,18.9,3.5,6.0,3.8,32.2
16638,1444,2023-S06,21.8,2.2,1.3,2.7,28.0
16639,1444,2023-S07,18.2,8.4,1.1,1.9,29.6
16640,1444,2023-S08,22.1,6.1,2.7,1.6,32.5
16641,1444,2023-S09,11.7,4.0,3.3,2.3,21.3
16642,1444,2023-S10,22.3,9.4,5.3,4.4,41.4
16643,1444,2023-S11,23.6,3.2,2.9,4.9,34.6
16644,1444,2023-S12,13.1,3.2,1.6,2.7,20.6
16645,1444,2023-S13,10.1,4.6,4.8,3.7,23.2
16646,1444,2023-S14,15.6,8.8,1.3,1.2,26.9
16647,1444,2023-S15,18.5,7.0,4.1,4.3,33.9
16648,1444,2023-S16,19.1,3.4,4.9,5.0,32.4
16649,1444,2023-S17,14.4,6.9,4.8,1.1,27.2
16650,1444,2023-S18,10.3,4.3,2.9,1.3,18.8
16651,1444,2023-S19,15.4,3.1,5.5,1.6,25.6
16652,1444,2023-S20,22.8,5.2,5.6,3.3,36.9
16653,1444,2023-S21,15.4,5.9,5.1,4.1,30.5
16654,1444,2023-S22,14.6,7.3,4.6,2.0,28.5
16655,1444,2023-S23,14.0,6.6,3.2,2.2,26.0
16656,1444,2023-S24,23.0,6.2,5.2,3.4,37.8
16657,1444,2023-S25,14.5,7.2,3.5,2.5,27.7
16658,1444,2023-S26,16.4,2.6,5.4,1.4,25.8
16659,1444,2023-S27,17.9,8.8,5.4,4.4,36.5
16660,1444,2023-S28,16.6,6.9,4.8,3.4,31.7
16661,1444,2023-S29,10.2,5.3,3.8,1.6,20.9
16662,1444,2023-S30,10.5,3.5,2.9,2.7,19.6
16663,1444,2023-S31,17.0,8.9,2.6,1.5,30.0
16664,1444,2023-S32,23.2,3.6,4.1,4.7,35.6
16665,1444,2023-S33,19.4,7.9,2.5,4.1,33.9
16666,1444,2023-S34,23.5,2.2,3.2,2.3,31.2
16667,1705,2023-S01,16.8,10.0,3.6,1.4,31.8
16668,1705,2023-S02,14.7,5.0,2.2,3.1,25.0
16669,1705,2023-S03,17.0,9.6,5.7,3.7,36.0
16670,1705,2023-S04,20.0,8.9,1.7,4.7,35.3
16671,1705,2023-S05,17.5,6.0,2.5,1.6,27.6
16672,1705,2023-S06,12.4,8.2,5.9,4.1,30.6
16673,1705,2023-S07,21.1,8.4,1.1,1.4,32.0
16674,1705,2023-S08,14.8,9.5,1.9,1.5,27.7
16675,1705,2023-S09,19.3,8.1,1.7,4.6,33.7
16676,1705,2023-S10,14.0,2.8,3.9,3.9,24.6
16677,1705,2023-S11,14.9,6.1,2.0,4.5,27.5
16678,1705,2023-S12,11.1,6.1,3.1,1.0,21.3
16679,1705,2023-S13,10.4,7.7,1.6,2.1,21.8
16680,1705,2023-S14,10.8,3.7,5.6,4.9,25.0
16681,1705,2023-S15,13.7,3.6,2.9,1.1,21.3
16682,1705,2023-S16,22.0,7.6,1.7,4.0,35.3
16683,1705,2023-S17,20.2,3.6,1.4,4.4,29.6
16684,1705,2023-S18,21.4,5.3,5.3,2.7,34.7
16685,1705,2023-S19,12.6,3.9,5.2,2.4,24.1
16686,1705,2023-S20,12.0,3.9,1.1,1.4,18.4
16687,1705,2023-S21,15.6,2.6,1.3,1.1,20.6
16688,1705,2023-S22,21.9,3.7,3.2,3.3,32.1
16689,1705,2023-S23,21.4,3.3,2.1,4.7,31.5
16690,1705,2023-S24,10.1,4.8,4.8,2.4,22.1
16691,1705,2023-S25,11.1,8.7,4.3,3.5,27.6
16692,1705,2023-S26,13.4,9.5,1.9,4.3,29.1
16693,1705,2023-S27,11.1,8.5,5.5,1.7,26.8
16694,1705,2023-S28,23.1,2.1,5.8,4.2,35.2
16695,1705,2023-S29,18.5,2.7,3.3,1.1,25.6
16696,1705,2023-S30,18.6,7.5,1.9,2.9,30.9
16697,1705,2023-S31,19.7,8.3,3.3,2.3,33.6
16698,1705,2023-S32,17.4,4.6,4.2,2.8,29.0
16699,1705,2023-S33,16.0,3.0,1.4,2.8,23.2
16700,1705,2023-S34,20.7,7.9,6.0,2.0,36.6
16701,1197,2023-S01,11.6,8.7,2.8,2.1,25.2
16702,1197,2023-S02,24.2,8.8,5.4,4.6,43.0
16703,1197,2023-S03,15.0,9.7,4.0,1.7,30.4
16704,1197,2023-S04,24.1,2.6,1.7,3.2,31.6
16705,1197,2023-S05,24.2,6.0,1.1,1.4,32.7
16706,1197,2023-S06,12.7,7.5,2.8,2.1,25.1
16707,1197,2023-S07,14.1,5.6,1.9,1.7,23.3
16708,1197,2023-S08,14.0,8.4,1.5,3.9,27.8
16709,1197,2023-S09,14.6,7.0,3.9,1.8,27.3
16710,1197,2023-S10,10.6,5.5,4.6,1.6,22.3
16711,1197,2023-S11,14.7,9.8,2.3,2.7,29.5
16712,1197,2023-S12,14.8,8.4,1.3,1.7,26.2
16713,1197,2023-S13,10.8,6.2,1.9,2.3,21.2
16714,1197,2023-S14,12.3,6.7,3.3,3.3,25.6
16715,1197,2023-S15,12.0,8.2,2.0,1.1,23.3
16716,1197,2023-S16,19.8,9.4,4.0,1.5,34.7
16717,1197,2023-S17,13.3,7.5,5.3,4.7,30.8
16718,1197,2023-S18,11.2,8.5,5.2,1.6,26.5
16719,1197,2023-S19,20.8,9.9,1.5,3.2,35.4
16720,1197,2023-S20,21.7,4.8,1.4,4.6,32.5
16721,1197,2023-S21,18.1,9.0,4.5,4.7,36.3
16722,1197,2023-S22,12.4,3.0,2.6,1.9,19.9
16723,1197,2023-S23,11.3,7.6,2.1,3.5,24.5
16724,1197,2023-S24,15.3,2.2,2.5,4.6,24.6
16725,1197,2023-S25,19.3,8.8,4.6,4.4,37.1
16726,1197,2023-S26,11.4,8.6,2.8,1.9,24.7
16727,1197,2023-S27,16.0,7.1,3.2,3.6,29.9
16728,1197,2023-S28,17.8,9.6,1.5,2.9,31.8
16729,1197,2023-S29,11.7,7.8,5.4,2.3,27.2
16730,1197,2023-S30,18.9,5.5,1.8,4.7,30.9
16731,1197,2023-S31,13.8,8.9,3.0,2.3,28.0
16732,1197,2023-S32,18.9,5.2,3.4,4.7,32.2
16733,1197,2023-S33,21.5,7.5,5.1,2.6,36.7
16734,1197,2023-S34,19.0,5.6,4.6,1.6,30.8
16735,2070,2023-S01,19.2,8.6,1.3,3.5,32.6
16736,2070,2023-S02,11.8,3.0,1.7,1.3,17.8
16737,2070,2023-S03,23.5,9.6,3.4,2.2,38.7
16738,2070,2023-S04,14.3,9.2,3.7,3.6,30.8
16739,2070,2023-S05,22.0,3.8,2.5,1.2,29.5
16740,2070,2023-S06,12.0,7.8,3.3,1.0,24.1
16741,2070,2023-S07,10.7,9.3,3.8,2.9,26.7
16742,2070,2023-S08,24.2,7.0,3.1,1.9,36.2
16743,2070,2023-S09,11.9,3.0,2.6,4.8,22.3
16744,2070,2023-S10,23.8,8.6,3.3,1.4,37.1
16745,2070,2023-S11,15.9,9.3,3.2,4.5,32.9
16746,2070,2023-S12,24.2,2.5,3.0,5.0,34.7
16747,2070,2023-S13,10.8,4.1,2.7,3.2,20.8
16748,2070,2023-S14,20.2,8.0,3.6,3.6,35.4
16749,2070,2023-S15,21.8,8.4,2.3,1.5,34.0
16750,2070,2023-S16,15.1,9.2,4.7,4.0,33.0
16751,2070,2023-S17,17.7,4.3,2.8,3.0,27.8
16752,2070,2023-S18,18.4,9.9,2.5,1.4,32.2
16753,2070,2023-S19,16.3,9.1,3.5,2.7,31.6
16754,2070,2023-S20,24.2,5.6,5.9,4.8,40.5
16755,2070,2023-S21,15.1,3.4,5.2,1.4,25.1
16756,2070,2023-S22,17.0,6.3,2.1,1.7,27.1
16757,2070,2023-S23,11.2,5.0,3.7,1.4,21.3
16758,2070,2023-S24,16.2,5.0,5.2,2.6,29.0
16759,2070,2023-S25,14.5,9.7,3.6,2.4,30.2
16760,2070,2023-S26,21.2,6.7,5.6,1.3,34.8
16761,2070,2023-S27,14.3,7.2,2.9,4.9,29.3
16762,2070,2023-S28,21.2,6.4,3.2,3.8,34.6
16763,2070,2023-S29,14.5,8.5,1.9,2.4,27.3
16764,2070,2023-S30,12.8,9.0,4.2,1.0,27.0
16765,2070,2023-S31,10.2,3.1,1.4,1.8,16.5
16766,2070,2023-S32,12.7,9.4,5.3,2.3,29.7
16767,2070,2023-S33,24.2,5.2,3.5,1.4,34.3
16768,2070,2023-S34,19.4,2.1,3.7,4.9,30.1
16769,1221,2023-S01,20.9,5.7,1.8,1.5,29.9
16770,1221,2023-S02,19.5,4.5,1.6,1.7,27.3
16771,1221,2023-S03,21.5,5.0,1.6,2.5,30.6
16772,1221,2023-S04,19.5,3.9,4.5,4.9,32.8
16773,1221,2023-S05,10.4,2.8,5.3,3.7,22.2
16774,1221,2023-S06,21.8,5.5,4.0,4.7,36.0
16775,1221,2023-S07,19.2,7.3,3.3,2.1,31.9
16776,1221,2023-S08,22.2,6.3,1.8,3.9,34.2
16777,1221,2023-S09,13.5,8.7,1.8,2.3,26.3
16778,1221,2023-S10,17.7,4.0,2.9,2.7,27.3
16779,1221,2023-S11,22.0,3.7,4.3,3.1,33.1
16780,1221,2023-S12,15.9,5.6,3.9,1.3,26.7
16781,1221,2023-S13,21.2,6.9,5.2,2.3,35.6
16782,1221,2023-S14,14.8,2.8,5.0,2.7,25.3
16783,1221,2023-S15,20.5,8.4,2.6,3.6,35.1
16784,1221,2023-S16,23.7,2.9,4.2,2.2,33.0
16785,1221,2023-S17,14.0,3.1,5.8,2.0,24.9
16786,1221,2023-S18,15.6,9.6,3.9,1.8,30.9
16787,1221,2023-S19,21.9,4.7,1.5,4.7,32.8
16788,1221,2023-S20,18.2,7.7,2.0,4.3,32.2
16789,1221,2023-S21,23.1,6.7,5.0,1.1,35.9
16790,1221,2023-S22,21.0,4.2,3.3,4.9,33.4
16791,1221,2023-S23,17.0,9.5,1.8,1.1,29.4
16792,1221,2023-S24,23.1,6.0,3.3,4.9,37.3
16793,1221,2023-S25,14.5,9.9,5.7,3.7,33.8
16794,1221,2023-S26,21.9,9.4,1.3,3.0,35.6
16795,1221,2023-S27,18.1,9.6,2.2,1.4,31.3
16796,1221,2023-S28,24.7,6.2,3.3,2.4,36.6
16797,1221,2023-S29,14.1,4.9,5.6,2.6,27.2
16798,1221,2023-S30,23.5,7.2,4.5,4.9,40.1
16799,1221,2023-S31,11.7,6.1,3.6,4.1,25.5
16800,1221,2023-S32,22.5,6.8,2.3,3.2,34.8
16801,1221,2023-S33,19.7,3.1,4.7,4.7,32.2
16802,1221,2023-S34,19.8,2.9,5.0,2.5,30.2
16803,1468,2023-S01,23.3,8.3,2.2,2.0,35.8
16804,1468,2023-S02,11.6,9.4,3.4,3.3,27.7
16805,1468,2023-S03,18.0,3.2,5.9,4.6,31.7
16806,1468,2023-S04,23.6,2.8,3.3,4.5,34.2
16807,1468,2023-S05,19.3,2.4,5.0,4.7,31.4
16808,1468,2023-S06,23.6,5.7,4.4,3.4,37.1
16809,1468,2023-S07,13.5,3.8,4.8,3.4,25.5
16810,1468,2023-S08,22.1,7.5,4.7,4.7,39.0
16811,1468,2023-S09,23.4,7.1,5.5,1.9,37.9
16812,1468,2023-S10,13.8,3.5,2.9,3.8,24.0
16813,1468,2023-S11,10.8,4.5,2.7,1.3,19.3
16814,1468,2023-S12,10.6,6.7,3.0,1.5,21.8
16815,1468,2023-S13,24.5,6.3,5.2,2.1,38.1
16816,1468,2023-S14,14.4,6.0,5.1,3.0,28.5
16817,1468,2023-S15,19.9,8.5,1.1,2.0,31.5
16818,1468,2023-S16,23.5,5.4,1.1,3.0,33.0
16819,1468,2023-S17,16.9,4.0,4.2,4.7,29.8
16820,1468,2023-S18,21.8,5.5,2.8,2.5,32.6
16821,1468,2023-S19,13.9,8.1,4.5,2.3,28.8
16822,1468,2023-S20,15.1,6.6,2.2,3.1,27.0
16823,1468,2023-S21,17.6,6.5,2.5,3.2,29.8
16824,1468,2023-S22,10.1,3.4,1.1,3.4,18.0
16825,1468,2023-S23,16.3,5.1,2.0,3.8,27.2
16826,1468,2023-S24,17.5,7.3,4.4,3.5,32.7
16827,1468,2023-S25,18.5,3.1,4.4,2.9,28.9
16828,1468,2023-S26,11.9,3.7,2.5,3.6,21.7
16829,1468,2023-S27,23.4,3.2,4.5,2.2,33.3
16830,1468,2023-S28,23.8,7.1,3.4,2.0,36.3
16831,1468,2023-S29,15.1,5.1,4.1,2.7,27.0
16832,1468,2023-S30,15.6,4.9,5.7,1.3,27.5
16833,1468,2023-S31,19.6,2.8,4.1,2.5,29.0
16834,1468,2023-S32,21.7,3.8,1.6,2.6,29.7
16835,1468,2023-S33,24.0,2.7,5.8,3.5,36.0
16836,1468,2023-S34,14.2,2.8,1.6,1.6,20.2
16837,2095,2023-S01,21.7,4.7,1.9,2.3,30.6
16838,2095,2023-S02,14.6,2.9,2.7,1.8,22.0
16839,2095,2023-S03,14.6,7.1,4.2,4.4,30.3
16840,2095,2023-S04,19.1,2.9,3.6,3.1,28.7
16841,2095,2023-S05,15.3,3.4,4.9,1.0,24.6
16842,2095,2023-S06,19.4,7.7,4.1,3.5,34.7
16843,2095,2023-S07,15.9,2.4,3.4,3.3,25.0
16844,2095,2023-S08,13.9,8.1,2.1,4.1,28.2
16845,2095,2023-S09,10.1,2.8,3.4,1.7,18.0
16846,2095,2023-S10,13.1,6.1,1.2,2.4,22.8
16847,2095,2023-S11,11.7,4.4,4.9,2.4,23.4
16848,2095,2023-S12,16.8,5.4,5.8,1.4,29.4
16849,2095,2023-S13,13.7,2.5,1.8,1.0,19.0
16850,2095,2023-S14,17.3,7.4,3.8,2.3,30.8
16851,2095,2023-S15,20.3,7.0,2.6,3.8,33.7
16852,2095,2023-S16,13.1,2.5,2.3,2.6,20.5
16853,2095,2023-S17,13.8,7.6,5.3,2.2,28.9
16854,2095,2023-S18,24.8,4.0,3.7,4.5,37.0
16855,2095,2023-S19,11.1,6.7,3.6,3.9,25.3
16856,2095,2023-S20,22.6,5.4,1.3,4.8,34.1
16857,2095,2023-S21,20.5,9.9,2.3,2.5,35.2
16858,2095,2023-S22,22.1,9.5,5.4,1.1,38.1
16859,2095,2023-S23,15.2,3.5,3.8,1.8,24.3
16860,2095,2023-S24,16.8,6.5,3.5,1.9,28.7
16861,2095,2023-S25,22.3,5.3,1.6,4.9,34.1
16862,2095,2023-S26,19.0,6.6,5.9,3.9,35.4
16863,2095,2023-S27,20.5,2.5,3.3,2.3,28.6
16864,2095,2023-S28,18.3,2.7,2.5,1.5,25.0
16865,2095,2023-S29,20.7,3.8,5.1,4.6,34.2
16866,2095,2023-S30,20.0,4.5,1.2,1.9,27.6
16867,2095,2023-S31,19.5,3.3,5.4,4.7,32.9
16868,2095,2023-S32,22.5,8.3,2.5,2.6,35.9
16869,2095,2023-S33,23.7,9.6,3.4,3.3,40.0
16870,2095,2023-S34,24.3,2.7,2.8,3.9,33.7
16871,1478,2023-S01,13.4,2.4,4.5,3.8,24.1
16872,1478,2023-S02,21.0,5.6,5.2,2.8,34.6
16873,1478,2023-S03,22.5,9.9,5.5,3.2,41.1
16874,1478,2023-S04,17.6,9.0,1.5,3.0,31.1
16875,1478,2023-S05,16.3,9.2,4.1,4.1,33.7
16876,1478,2023-S06,19.2,9.2,3.2,1.9,33.5
16877,1478,2023-S07,14.5,8.0,4.0,3.7,30.2
16878,1478,2023-S08,22.2,3.5,1.7,1.8,29.2
16879,1478,2023-S09,14.7,3.0,2.5,4.8,25.0
16880,1478,2023-S10,11.4,8.6,2.3,2.7,25.0
16881,1478,2023-S11,19.5,3.9,3.7,4.7,31.8
16882,1478,2023-S12,24.4,7.8,2.1,1.3,35.6
16883,1478,2023-S13,17.9,3.6,5.8,5.0,32.3
16884,1478,2023-S14,18.6,3.7,2.6,3.7,28.6
16885,1478,2023-S15,21.5,8.0,4.0,3.0,36.5
16886,1478,2023-S16,22.1,2.4,2.4,2.9,29.8
16887,1478,2023-S17,12.8,9.3,5.6,4.4,32.1
16888,1478,2023-S18,23.4,9.9,5.4,2.0,40.7
16889,1478,2023-S19,10.1,8.3,5.1,2.6,26.1
16890,1478,2023-S20,22.6,7.9,1.1,4.9,36.5
16891,1478,2023-S21,20.5,8.0,4.3,1.5,34.3
16892,1478,2023-S22,11.7,9.3,1.1,3.5,25.6
16893,1478,2023-S23,14.1,8.7,3.5,1.3,27.6
16894,1478,2023-S24,14.6,6.1,1.3,4.6,26.6
16895,1478,2023-S25,22.2,3.4,2.9,4.3,32.8
16896,1478,2023-S26,13.8,4.3,3.6,4.0,25.7
16897,1478,2023-S27,11.0,9.2,4.9,3.9,29.0
16898,1478,2023-S28,24.7,2.6,5.1,1.1,33.5
16899,1478,2023-S29,19.2,9.5,4.7,4.6,38.0
16900,1478,2023-S30,15.8,8.6,1.4,1.9,27.7
16901,1478,2023-S31,13.3,4.7,5.2,3.4,26.6
16902,1478,2023-S32,22.7,4.1,2.2,1.5,30.5
16903,1478,2023-S33,21.0,7.2,4.9,1.8,34.9
16904,1478,2023-S34,20.6,8.8,2.2,4.6,36.2
16905,1387,2023-S01,17.2,9.7,4.9,2.7,34.5
16906,1387,2023-S02,21.0,8.7,1.5,3.4,34.6
16907,1387,2023-S03,21.2,6.6,3.1,4.6,35.5
16908,1387,2023-S04,12.5,7.4,5.5,2.8,28.2
16909,1387,2023-S05,21.2,3.6,3.7,3.8,32.3
16910,1387,2023-S06,20.1,9.0,2.2,2.1,33.4
16911,1387,2023-S07,21.3,2.3,5.4,1.7,30.7
16912,1387,2023-S08,24.3,8.6,4.3,1.0,38.2
16913,1387,2023-S09,20.6,9.2,4.7,3.5,38.0
16914,1387,2023-S10,20.1,7.4,3.3,2.5,33.3
16915,1387,2023-S11,11.0,3.2,4.7,4.7,23.6
16916,1387,2023-S12,14.7,3.8,3.9,4.9,27.3
16917,1387,2023-S13,13.0,5.1,4.7,2.7,25.5
16918,1387,2023-S14,13.9,4.1,2.0,1.1,21.1
16919,1387,2023-S15,21.0,4.9,1.0,4.7,31.6
16920,1387,2023-S16,12.7,9.6,2.2,3.3,27.8
16921,1387,2023-S17,12.1,7.4,2.1,2.2,23.8
16922,1387,2023-S18,15.8,9.7,2.8,2.7,31.0
16923,1387,2023-S19,10.4,8.3,5.3,1.2,25.2
16924,1387,2023-S20,16.4,4.5,1.3,4.0,26.2
16925,1387,2023-S21,21.6,4.2,5.6,4.9,36.3
16926,1387,2023-S22,22.6,4.4,3.0,2.5,32.5
16927,1387,2023-S23,15.0,2.8,4.3,1.6,23.7
16928,1387,2023-S24,13.5,2.4,5.9,3.1,24.9
16929,1387,2023-S25,13.0,8.3,3.9,3.6,28.8
16930,1387,2023-S26,23.7,4.1,2.5,2.3,32.6
16931,1387,2023-S27,24.9,2.3,2.6,3.6,33.4
16932,1387,2023-S28,12.6,6.9,3.6,4.5,27.6
16933,1387,2023-S29,10.3,7.7,5.8,3.7,27.5
16934,1387,2023-S30,14.0,9.9,1.1,1.0,26.0
16935,1387,2023-S31,24.9,5.5,6.0,3.3,39.7
16936,1387,2023-S32,17.3,6.8,2.1,4.8,31.0
16937,1387,2023-S33,16.5,4.1,5.6,2.5,28.7
16938,1387,2023-S34,14.5,9.8,1.8,4.8,30.9
16939,1573,2023-S01,22.4,6.7,5.2,3.1,37.4
16940,1573,2023-S02,21.9,7.6,3.2,2.9,35.6
16941,1573,2023-S03,22.1,9.7,3.9,4.4,40.1
16942,1573,2023-S04,17.5,9.5,4.1,4.9,36.0
16943,1573,2023-S05,12.8,4.9,1.6,4.2,23.5
16944,1573,2023-S06,20.0,7.8,2.6,4.1,34.5
16945,1573,2023-S07,20.1,2.3,4.4,2.8,29.6
16946,1573,2023-S08,14.3,2.5,3.3,3.1,23.2
16947,1573,2023-S09,24.9,2.3,4.7,2.2,34.1
16948,1573,2023-S10,16.9,2.5,2.3,2.5,24.2
16949,1573,2023-S11,13.5,7.4,4.5,2.1,27.5
16950,1573,2023-S12,22.3,7.6,1.7,1.0,32.6
16951,1573,2023-S13,20.3,3.3,5.9,3.0,32.5
16952,1573,2023-S14,19.7,2.4,5.7,4.1,31.9
16953,1573,2023-S15,22.9,7.7,3.4,3.9,37.9
16954,1573,2023-S16,21.4,8.4,4.3,4.3,38.4
16955,1573,2023-S17,15.6,2.5,4.5,4.1,26.7
16956,1573,2023-S18,20.8,4.9,2.1,1.7,29.5
16957,1573,2023-S19,12.2,3.9,1.7,4.5,22.3
16958,1573,2023-S20,11.4,9.2,2.4,2.6,25.6
16959,1573,2023-S21,24.4,7.7,3.6,4.8,40.5
16960,1573,2023-S22,12.5,9.3,4.1,4.3,30.2
16961,1573,2023-S23,11.2,4.2,2.0,3.2,20.6
16962,1573,2023-S24,19.8,7.2,5.1,3.9,36.0
16963,1573,2023-S25,11.2,6.1,4.9,2.6,24.8
16964,1573,2023-S26,20.5,3.1,3.6,2.9,30.1
16965,1573,2023-S27,10.3,7.7,4.6,3.6,26.2
16966,1573,2023-S28,18.9,4.3,2.5,3.8,29.5
16967,1573,2023-S29,11.2,5.2,2.2,3.6,22.2
16968,1573,2023-S30,20.9,2.4,1.8,2.0,27.1
16969,1573,2023-S31,16.6,2.9,2.1,1.6,23.2
16970,1573,2023-S32,13.9,9.3,5.0,4.9,33.1
16971,1573,2023-S33,16.6,4.3,5.3,2.9,29.1
16972,1573,2023-S34,14.0,4.1,3.7,1.4,23.2
16973,1624,2023-S01,21.4,4.9,4.2,3.6,34.1
16974,1624,2023-S02,22.5,8.1,5.8,2.5,38.9
16975,1624,2023-S03,11.2,9.2,1.7,3.0,25.1
16976,1624,2023-S04,24.2,9.4,4.0,1.6,39.2
16977,1624,2023-S05,18.6,2.9,1.4,2.6,25.5
16978,1624,2023-S06,24.5,6.1,1.4,3.6,35.6
16979,1624,2023-S07,10.4,4.8,5.6,3.5,24.3
16980,1624,2023-S08,13.3,2.5,1.7,2.4,19.9
16981,1624,2023-S09,15.6,4.6,4.0,2.4,26.6
16982,1624,2023-S10,19.0,3.4,4.8,4.9,32.1
16983,1624,2023-S11,21.3,4.6,3.1,1.0,30.0
16984,1624,2023-S12,16.3,8.0,2.5,1.6,28.4
16985,1624,2023-S13,19.1,8.8,5.2,3.3,36.4
16986,1624,2023-S14,22.1,6.9,3.1,4.2,36.3
16987,1624,2023-S15,16.7,9.2,5.5,1.2,32.6
16988,1624,2023-S16,20.6,2.2,1.5,4.0,28.3
16989,1624,2023-S17,20.5,7.0,1.0,1.5,30.0
16990,1624,2023-S18,13.2,7.3,2.2,3.8,26.5
16991,1624,2023-S19,13.4,7.5,4.6,2.0,27.5
16992,1624,2023-S20,13.1,5.4,5.2,2.6,26.3
16993,1624,2023-S21,21.9,5.1,4.5,4.5,36.0
16994,1624,2023-S22,22.8,2.6,3.0,4.9,33.3
16995,1624,2023-S23,12.5,4.5,5.5,4.7,27.2
16996,1624,2023-S24,12.5,9.7,5.6,3.5,31.3
16997,1624,2023-S25,12.1,7.5,3.7,2.1,25.4
16998,1624,2023-S26,18.6,7.8,4.5,1.2,32.1
16999,1624,2023-S27,23.5,5.0,1.3,2.8,32.6
17000,1624,2023-S28,12.9,8.9,1.0,4.8,27.6
17001,1624,2023-S29,15.3,2.2,3.3,3.5,24.3
