id_presence,id_etudiant,id_seance,present,justifiee
6001,1730,8851,Oui,Non
6002,1895,8127,Oui,Non
6003,1873,8186,Oui,Non
6004,1947,8960,Oui,Non
6005,1146,8990,Oui,Non
6006,2071,7188,Oui,Non
6007,1415,8660,Non,Oui
6008,1494,7748,Oui,Non
6009,1385,8177,Oui,Non
6010,1474,7035,Non,Non
6011,1759,7559,Oui,Non
6012,2194,8436,Oui,Non
6013,1168,8784,Oui,Non
6014,1115,8836,Non,Oui
6015,1608,7386,Oui,Non
6016,1222,8447,Oui,Non
6017,1066,7303,Oui,Non
6018,1811,8400,Oui,Non
6019,2083,8606,Oui,Non
6020,1678,8514,Oui,Non
6021,1051,7293,Oui,Non
6022,1624,7141,Oui,Non
6023,1133,7662,Non,Non
6024,2115,8034,Oui,Non
6025,1648,7202,Oui,Non
6026,1454,7390,Oui,Non
6027,1748,8482,Oui,Non
6028,1854,7416,Oui,Non
6029,1014,7647,Oui,Non
6030,1755,8434,Oui,Non
6031,1954,8435,Oui,Non
6032,2107,8843,Non,Oui
6033,1831,8580,Oui,Non
6034,1920,7068,Non,Oui
6035,1301,7197,Oui,Non
6036,1022,8697,Oui,Non
6037,1126,7228,Non,Oui
6038,1348,8131,Non,Oui
6039,1459,8767,Non,Non
6040,2158,8526,Oui,Non
6041,1920,8315,Oui,Non
6042,1780,8084,Non,Non
6043,1776,8240,Oui,Non
6044,1076,7727,Oui,Non
6045,2011,8950,Oui,Non
6046,2153,7490,Oui,Non
6047,1142,7118,Oui,Non
6048,1744,8828,Oui,Non
6049,1776,8243,Non,Oui
6050,1388,7507,Oui,Non
6051,1151,8000,Oui,Non
6052,1770,7589,Oui,Non
6053,1058,8064,Oui,Non
6054,1528,8481,Oui,Non
6055,1790,7718,Oui,Non
6056,1607,8901,Oui,Non
6057,1306,8516,Non,Oui
6058,1415,8908,Oui,Non
6059,2019,8746,Non,Oui
6060,1756,7014,Non,Oui
6061,1803,7369,Oui,Non
6062,1657,7872,Non,Oui
6063,1374,7922,Oui,Non
6064,1328,7842,Oui,Non
6065,1264,8910,Oui,Non
6066,1133,7249,Non,Non
6067,2050,8763,Oui,Non
6068,1055,8242,Non,Non
6069,1893,8718,Non,Non
6070,1140,8208,Oui,Non
6071,2171,7008,Oui,Non
6072,1958,7101,Non,Oui
6073,1403,7279,Oui,Non
6074,1832,8366,Oui,Non
6075,1050,7706,Oui,Non
6076,2073,7946,Non,Non
6077,2006,8744,Oui,Non
6078,1102,7174,Oui,Non
6079,1951,7275,Oui,Non
6080,2038,7266,Oui,Non
6081,2154,7688,Non,Oui
6082,1822,7627,Oui,Non
6083,2006,7921,Oui,Non
6084,1652,8970,Oui,Non
6085,1800,8425,Oui,Non
6086,1230,8215,Oui,Non
6087,1726,8773,Non,Oui
6088,1420,7755,Non,Non
6089,2166,8913,Oui,Non
6090,1942,8633,Oui,Non
6091,2087,8603,Oui,Non
6092,1358,7721,Oui,Non
6093,2016,7731,Oui,Non
6094,1957,8530,Oui,Non
6095,2076,7853,Oui,Non
6096,1388,7744,Oui,Non
6097,2129,7268,Oui,Non
6098,2004,8489,Oui,Non
6099,2044,7921,Oui,Non
6100,1924,8244,Non,Oui
6101,1683,8341,Oui,Non
6102,1443,8100,Oui,Non
6103,1792,8238,Oui,Non
6104,1962,8540,Oui,Non
6105,1719,7297,Oui,Non
6106,1165,8253,Oui,Non
6107,1779,8827,Oui,Non
6108,2184,7253,Oui,Non
6109,2006,7230,Oui,Non
6110,2165,7861,Oui,Non
6111,1432,7757,Non,Non
6112,1077,7436,Oui,Non
6113,1503,8567,Oui,Non
6114,2141,7444,Oui,Non
6115,1806,8087,Oui,Non
6116,1978,7766,Oui,Non
6117,1675,8727,Oui,Non
6118,1868,8413,Oui,Non
6119,1279,8226,Oui,Non
6120,2125,8959,Oui,Non
6121,1984,8033,Oui,Non
6122,1382,8144,Oui,Non
6123,1404,7595,Oui,Non
6124,1251,7926,Oui,Non
6125,1339,8640,Oui,Non
6126,2186,7453,Oui,Non
6127,1943,8046,Oui,Non
6128,1017,8625,Oui,Non
6129,1568,8405,Oui,Non
6130,1900,7765,Oui,Non
6131,1114,7648,Non,Non
6132,1988,8419,Oui,Non
6133,1989,8600,Oui,Non
6134,1616,7418,Non,Oui
6135,1258,8371,Oui,Non
6136,1619,8313,Oui,Non
6137,1717,7508,Oui,Non
6138,1157,7141,Oui,Non
6139,2014,7721,Oui,Non
6140,1289,8844,Oui,Non
6141,1557,8056,Non,Oui
6142,1386,7780,Oui,Non
6143,1765,7924,Oui,Non
6144,1856,7382,Oui,Non
6145,1409,8181,Non,Oui
6146,2098,7774,Oui,Non
6147,1010,8652,Non,Non
6148,1646,7665,Oui,Non
6149,2173,8555,Oui,Non
6150,2187,8318,Oui,Non
6151,1218,7124,Non,Oui
6152,1139,7033,Oui,Non
6153,1997,8597,Oui,Non
6154,1971,7534,Oui,Non
6155,1715,7571,Oui,Non
6156,1003,7219,Non,Oui
6157,2035,8118,Non,Non
6158,1233,7439,Non,Non
6159,1503,7758,Non,Non
6160,1658,7431,Oui,Non
6161,2030,8819,Oui,Non
6162,1207,7183,Oui,Non
6163,2023,7077,Oui,Non
6164,1757,7811,Non,Oui
6165,1190,8784,Oui,Non
6166,1331,7788,Non,Oui
6167,1685,8861,Oui,Non
6168,1853,7334,Oui,Non
6169,1365,8970,Oui,Non
6170,1473,7700,Oui,Non
6171,1798,8276,Oui,Non
6172,1348,7296,Oui,Non
6173,2167,7583,Oui,Non
6174,1171,8538,Oui,Non
6175,1605,7470,Oui,Non
6176,1785,8870,Oui,Non
6177,1698,8707,Oui,Non
6178,1102,8477,Non,Oui
6179,1855,7104,Oui,Non
6180,1512,8898,Oui,Non
6181,1158,7106,Oui,Non
6182,1733,7222,Oui,Non
6183,1691,7274,Oui,Non
6184,1175,8516,Oui,Non
6185,1350,7339,Oui,Non
6186,1219,7999,Oui,Non
6187,1138,7785,Oui,Non
6188,1692,7894,Oui,Non
6189,1176,8083,Oui,Non
6190,1688,7553,Oui,Non
6191,1448,8381,Oui,Non
6192,1803,7737,Oui,Non
6193,1026,7288,Oui,Non
6194,1138,7674,Oui,Non
6195,1655,8131,Non,Non
6196,1203,8366,Oui,Non
6197,1970,8124,Oui,Non
6198,1122,8442,Oui,Non
6199,1623,8214,Oui,Non
6200,1176,8668,Oui,Non
6201,1238,8318,Oui,Non
6202,1580,7328,Oui,Non
6203,1554,8032,Oui,Non
6204,1226,7583,Oui,Non
6205,1173,7444,Oui,Non
6206,1813,8846,Non,Non
6207,1389,8189,Oui,Non
6208,1345,7845,Oui,Non
6209,1012,8856,Oui,Non
6210,1333,8681,Oui,Non
6211,1222,7923,Oui,Non
6212,1088,7312,Oui,Non
6213,2037,8325,Oui,Non
6214,1630,7893,Oui,Non
6215,2031,8052,Oui,Non
6216,1746,8279,Non,Oui
6217,1152,8416,Oui,Non
6218,1949,7383,Oui,Non
6219,1507,8356,Non,Non
6220,1670,8945,Oui,Non
6221,1209,8871,Oui,Non
6222,1560,8422,Oui,Non
6223,1254,8862,Oui,Non
6224,1307,8474,Non,Oui
6225,1053,8828,Oui,Non
6226,1391,7127,Oui,Non
6227,1282,7446,Oui,Non
6228,1825,8698,Oui,Non
6229,1483,7594,Non,Non
6230,1514,8914,Oui,Non
6231,1026,8490,Oui,Non
6232,1516,7809,Oui,Non
6233,1805,7977,Oui,Non
6234,1324,7021,Non,Non
6235,1519,7326,Non,Oui
6236,1869,7904,Oui,Non
6237,1918,7971,Oui,Non
6238,1637,8583,Oui,Non
6239,1406,8335,Oui,Non
6240,2097,8011,Non,Non
6241,1874,8451,Oui,Non
6242,1963,7620,Oui,Non
6243,2105,8436,Oui,Non
6244,1997,8768,Non,Non
6245,1082,7920,Oui,Non
6246,1366,8626,Oui,Non
6247,1107,7042,Oui,Non
6248,1448,8432,Oui,Non
6249,1759,8750,Oui,Non
6250,2010,8980,Oui,Non
6251,1947,8648,Non,Oui
6252,1375,7886,Non,Oui
6253,1133,7895,Oui,Non
6254,2090,8214,Oui,Non
6255,1365,7995,Oui,Non
6256,1480,8190,Non,Oui
6257,1380,7450,Oui,Non
6258,1212,8649,Oui,Non
6259,2048,8181,Oui,Non
6260,1781,8328,Oui,Non
6261,1341,8592,Oui,Non
6262,1874,8057,Non,Non
6263,1082,7562,Oui,Non
6264,1476,7722,Oui,Non
6265,1474,7162,Non,Oui
6266,1753,8186,Oui,Non
6267,1166,8486,Oui,Non
6268,2185,8215,Oui,Non
6269,1166,8333,Oui,Non
6270,1511,7640,Oui,Non
6271,1117,7709,Oui,Non
6272,1962,8751,Oui,Non
6273,1982,7768,Non,Oui
6274,2144,8130,Oui,Non
6275,2160,7579,Non,Non
6276,1819,7406,Oui,Non
6277,1935,7774,Oui,Non
6278,1850,7257,Oui,Non
6279,1487,8120,Oui,Non
6280,2186,7735,Non,Non
6281,1527,8132,Oui,Non
6282,1736,7570,Oui,Non
6283,1334,8844,Oui,Non
6284,1682,7690,Oui,Non
6285,1387,8450,Oui,Non
6286,1671,8255,Oui,Non
6287,1603,7198,Oui,Non
6288,1427,8351,Oui,Non
6289,1225,8886,Oui,Non
6290,1204,7054,Oui,Non
6291,2020,7633,Oui,Non
6292,1472,8763,Oui,Non
6293,1824,8549,Non,Oui
6294,1021,8931,Oui,Non
6295,1516,7133,Non,Non
6296,2018,8809,Oui,Non
6297,1486,7535,Non,Oui
6298,1998,8728,Oui,Non
6299,1955,8779,Oui,Non
6300,1407,8810,Non,Oui
6301,1444,8298,Non,Non
6302,2057,7165,Non,Oui
6303,2078,8672,Oui,Non
6304,2168,8537,Oui,Non
6305,1630,8382,Oui,Non
6306,1656,8797,Oui,Non
6307,1246,7145,Oui,Non
6308,1650,8942,Non,Oui
6309,1501,8552,Oui,Non
6310,1446,7145,Non,Non
6311,1422,7489,Oui,Non
6312,1034,8096,Non,Oui
6313,1332,8995,Oui,Non
6314,1885,8500,Oui,Non
6315,2191,8820,Oui,Non
6316,1054,7055,Oui,Non
6317,2091,7196,Oui,Non
6318,1039,7499,Oui,Non
6319,1610,8121,Oui,Non
6320,1077,8880,Non,Non
6321,1139,8026,Oui,Non
6322,1156,8447,Oui,Non
6323,2115,7179,Oui,Non
6324,1276,8061,Oui,Non
6325,1866,7129,Oui,Non
6326,2127,7964,Oui,Non
6327,1393,7377,Oui,Non
6328,1577,8164,Oui,Non
6329,1980,8766,Oui,Non
6330,1263,8972,Non,Oui
6331,1385,8320,Oui,Non
6332,2015,7524,Oui,Non
6333,1420,7629,Oui,Non
6334,1214,7089,Oui,Non
6335,1136,8784,Oui,Non
6336,1043,7603,Oui,Non
6337,1025,8289,Non,Oui
6338,1409,7250,Oui,Non
6339,1751,7684,Oui,Non
6340,1622,7273,Non,Oui
6341,1968,8557,Oui,Non
6342,1262,8391,Non,Oui
6343,1732,7867,Oui,Non
6344,1951,7268,Oui,Non
6345,2002,7774,Oui,Non
6346,1158,8456,Oui,Non
6347,2146,8928,Oui,Non
6348,2018,8465,Oui,Non
6349,1930,8006,Oui,Non
6350,1897,8880,Oui,Non
6351,1131,7446,Oui,Non
6352,1952,8345,Oui,Non
6353,1437,8243,Oui,Non
6354,2092,8989,Oui,Non
6355,1935,8318,Oui,Non
6356,1330,7086,Oui,Non
6357,1976,7461,Oui,Non
6358,1740,7240,Oui,Non
6359,1654,7700,Oui,Non
6360,1840,8904,Oui,Non
6361,1174,8322,Oui,Non
6362,1935,8697,Oui,Non
6363,1575,7233,Oui,Non
6364,1063,8022,Oui,Non
6365,1825,8596,Non,Non
6366,1083,7508,Oui,Non
6367,1220,7713,Oui,Non
6368,2045,7679,Non,Non
6369,2165,7218,Oui,Non
6370,2105,8306,Oui,Non
6371,1802,8476,Oui,Non
6372,1741,8845,Oui,Non
6373,1627,8231,Oui,Non
6374,1483,8196,Oui,Non
6375,1167,8381,Oui,Non
6376,1516,7064,Oui,Non
6377,1644,8736,Non,Oui
6378,1935,7018,Oui,Non
6379,1112,8514,Oui,Non
6380,1153,8573,Oui,Non
6381,1940,8145,Oui,Non
6382,1381,7113,Oui,Non
6383,1710,7736,Oui,Non
6384,1714,8473,Oui,Non
6385,1449,8380,Oui,Non
6386,1579,8919,Oui,Non
6387,1074,7922,Oui,Non
6388,2058,8451,Oui,Non
6389,1847,7934,Oui,Non
6390,2031,8792,Oui,Non
6391,1338,8320,Oui,Non
6392,1278,8997,Oui,Non
6393,1065,8517,Non,Oui
6394,1287,8391,Oui,Non
6395,1568,7045,Oui,Non
6396,1636,8013,Oui,Non
6397,1140,7256,Oui,Non
6398,1605,7825,Oui,Non
6399,1909,7752,Oui,Non
6400,2101,8419,Oui,Non
6401,1573,7195,Oui,Non
6402,1637,8131,Non,Oui
6403,1991,7168,Oui,Non
6404,1527,8948,Oui,Non
6405,1888,7259,Oui,Non
6406,1616,8687,Oui,Non
6407,1530,8153,Non,Oui
6408,1963,7169,Oui,Non
6409,1033,7241,Oui,Non
6410,1955,8595,Oui,Non
6411,1497,7322,Oui,Non
6412,1097,8420,Oui,Non
6413,1602,7460,Oui,Non
6414,1060,7950,Oui,Non
6415,1631,8721,Oui,Non
6416,1867,8583,Oui,Non
6417,1989,8347,Oui,Non
6418,1123,8546,Non,Non
6419,1117,7535,Oui,Non
6420,1467,8052,Oui,Non
6421,1906,8279,Non,Non
6422,2025,8912,Oui,Non
6423,1293,7535,Oui,Non
6424,2175,7330,Oui,Non
6425,1046,7579,Oui,Non
6426,1393,7122,Non,Oui
6427,1873,8573,Oui,Non
6428,1507,7172,Non,Oui
6429,1777,8671,Non,Non
6430,2045,8613,Oui,Non
6431,1950,7753,Oui,Non
6432,1973,7117,Oui,Non
6433,1556,7496,Oui,Non
6434,1406,8493,Non,Oui
6435,1781,8651,Non,Oui
6436,1607,7059,Oui,Non
6437,1678,7431,Non,Non
6438,1646,7188,Oui,Non
6439,1421,7253,Non,Non
6440,1690,7529,Oui,Non
6441,1137,7233,Oui,Non
6442,1056,8311,Oui,Non
6443,1777,7024,Oui,Non
6444,1508,8510,Oui,Non
6445,2195,7418,Oui,Non
6446,1068,7739,Oui,Non
6447,1634,7543,Non,Oui
6448,1869,8606,Oui,Non
6449,1501,8533,Non,Non
6450,1410,8148,Oui,Non
6451,1279,7648,Oui,Non
6452,1246,7254,Oui,Non
6453,1641,8369,Non,Oui
6454,2170,8466,Oui,Non
6455,1554,8505,Oui,Non
6456,1175,8094,Oui,Non
6457,1675,7645,Oui,Non
6458,1649,8097,Oui,Non
6459,1261,8475,Non,Oui
6460,1756,7123,Oui,Non
6461,1553,8744,Oui,Non
6462,1637,8982,Oui,Non
6463,1393,7274,Oui,Non
6464,2137,7759,Oui,Non
6465,1713,8047,Oui,Non
6466,1423,8944,Oui,Non
6467,1683,8794,Oui,Non
6468,2041,8061,Oui,Non
6469,1058,8897,Oui,Non
6470,2019,8467,Non,Oui
6471,1181,8200,Oui,Non
6472,1924,8656,Oui,Non
6473,1531,8615,Oui,Non
6474,1604,8868,Oui,Non
6475,1371,7575,Oui,Non
6476,1970,8009,Oui,Non
6477,1519,7585,Oui,Non
6478,1561,8159,Oui,Non
6479,1503,7070,Oui,Non
6480,1579,8653,Oui,Non
6481,1891,7018,Oui,Non
6482,2090,8790,Oui,Non
6483,1278,7800,Oui,Non
6484,1890,7258,Oui,Non
6485,1746,8652,Non,Non
6486,1426,8018,Oui,Non
6487,1467,8609,Oui,Non
6488,1721,8850,Non,Non
6489,1595,8338,Oui,Non
6490,1207,7287,Non,Oui
6491,1521,7050,Oui,Non
6492,1739,7519,Oui,Non
6493,1406,8236,Non,Oui
6494,1190,8548,Oui,Non
6495,2175,8708,Oui,Non
6496,1456,7290,Non,Non
6497,1960,7064,Non,Non
6498,1294,7814,Oui,Non
6499,1214,8448,Non,Oui
6500,1413,7255,Oui,Non
6501,1117,7446,Oui,Non
6502,1121,8330,Oui,Non
6503,2198,7609,Non,Non
6504,2042,8914,Oui,Non
6505,1548,8921,Oui,Non
6506,2141,8174,Oui,Non
6507,1498,7876,Oui,Non
6508,2023,8212,Oui,Non
6509,1538,7689,Non,Non
6510,1726,8457,Non,Oui
6511,1935,8502,Oui,Non
6512,1238,7355,Oui,Non
6513,1396,8487,Oui,Non
6514,1590,8395,Oui,Non
6515,1295,7900,Oui,Non
6516,2084,7469,Oui,Non
6517,1298,8909,Oui,Non
6518,1049,7331,Oui,Non
6519,1428,7808,Oui,Non
6520,1975,7794,Non,Non
6521,1837,8881,Oui,Non
6522,1567,7083,Non,Non
6523,1798,7689,Oui,Non
6524,1204,7166,Oui,Non
6525,1774,7474,Oui,Non
6526,1252,8976,Oui,Non
6527,1014,8921,Oui,Non
6528,1269,8090,Oui,Non
6529,1332,7078,Oui,Non
6530,1598,8391,Oui,Non
6531,1731,7348,Oui,Non
6532,2078,8471,Oui,Non
6533,1861,8005,Non,Oui
6534,1559,7374,Oui,Non
6535,1431,7652,Oui,Non
6536,1445,8866,Oui,Non
6537,1936,7397,Oui,Non
6538,1273,8466,Oui,Non
6539,1443,8246,Oui,Non
6540,2185,7384,Oui,Non
6541,1706,7246,Oui,Non
6542,1283,7777,Oui,Non
6543,1904,8550,Oui,Non
6544,1528,7397,Oui,Non
6545,2069,7790,Non,Non
6546,1784,8990,Non,Non
6547,1704,7444,Oui,Non
6548,1731,7976,Non,Oui
6549,1054,7730,Oui,Non
6550,2148,8163,Oui,Non
6551,1135,8139,Oui,Non
6552,1063,8363,Oui,Non
6553,1106,7976,Non,Non
6554,1478,7957,Oui,Non
6555,1467,7216,Oui,Non
6556,1395,8821,Non,Non
6557,1638,8060,Non,Non
6558,1328,8402,Oui,Non
6559,1765,8243,Oui,Non
6560,1055,8077,Oui,Non
6561,2115,8467,Oui,Non
6562,1121,7967,Oui,Non
6563,1057,8149,Oui,Non
6564,1979,7175,Oui,Non
6565,1249,8070,Non,Non
6566,1572,7712,Oui,Non
6567,1663,8168,Oui,Non
6568,1078,7270,Oui,Non
6569,1155,8665,Oui,Non
6570,2057,8478,Oui,Non
6571,1719,7236,Oui,Non
6572,1913,8618,Oui,Non
6573,1405,7343,Oui,Non
6574,2129,8077,Oui,Non
6575,1889,8769,Oui,Non
6576,1580,8923,Oui,Non
6577,1689,7025,Oui,Non
6578,1573,7250,Oui,Non
6579,1097,7909,Non,Non
6580,2119,7867,Oui,Non
6581,1716,8057,Oui,Non
6582,1993,7665,Oui,Non
6583,2109,7693,Oui,Non
6584,1694,8178,Non,Oui
6585,1622,7687,Oui,Non
6586,1897,7361,Oui,Non
6587,1597,8387,Non,Oui
6588,1913,7365,Oui,Non
6589,1695,7214,Oui,Non
6590,1256,7590,Oui,Non
6591,1276,7081,Oui,Non
6592,1463,8334,Oui,Non
6593,1664,8871,Oui,Non
6594,1531,8857,Oui,Non
6595,1218,7998,Oui,Non
6596,1397,8903,Non,Oui
6597,1413,8758,Oui,Non
6598,1587,7219,Oui,Non
6599,1774,7920,Oui,Non
6600,1069,7905,Oui,Non
6601,2147,8377,Oui,Non
6602,2047,8507,Non,Oui
6603,1738,8092,Non,Non
6604,1555,8271,Oui,Non
6605,1177,7112,Oui,Non
6606,1895,7938,Oui,Non
6607,1879,7594,Oui,Non
6608,1484,8338,Non,Non
6609,2102,8252,Oui,Non
6610,1969,7108,Non,Oui
6611,1328,7571,Oui,Non
6612,1225,7884,Oui,Non
6613,1730,8385,Oui,Non
6614,2069,7302,Oui,Non
6615,1506,8918,Non,Oui
6616,1030,7554,Oui,Non
6617,1600,7081,Oui,Non
6618,1412,7797,Oui,Non
6619,2043,8717,Oui,Non
6620,1807,8611,Oui,Non
6621,1885,8844,Oui,Non
6622,1286,8551,Oui,Non
6623,1452,8369,Oui,Non
6624,1962,8952,Non,Non
6625,1702,8590,Oui,Non
6626,1289,7746,Oui,Non
6627,1991,7379,Oui,Non
6628,1511,7010,Non,Oui
6629,1700,7938,Oui,Non
6630,2180,7715,Oui,Non
6631,1236,7753,Oui,Non
6632,1625,7372,Oui,Non
6633,1796,7780,Oui,Non
6634,2189,8106,Oui,Non
6635,1002,8793,Oui,Non
6636,2102,7436,Non,Non
6637,1095,8430,Oui,Non
6638,1551,7150,Non,Oui
6639,1831,7693,Non,Non
6640,1257,8205,Oui,Non
6641,1889,8500,Oui,Non
6642,1909,8774,Non,Oui
6643,1904,8672,Oui,Non
6644,1090,7873,Non,Non
6645,2022,7558,Oui,Non
6646,1570,8613,Non,Oui
6647,1912,7065,Oui,Non
6648,1163,8495,Non,Non
6649,1633,8827,Non,Oui
6650,2147,7897,Non,Oui
6651,1782,7489,Oui,Non
6652,1939,7895,Oui,Non
6653,1163,8857,Oui,Non
6654,1979,8450,Oui,Non
6655,1617,8705,Oui,Non
6656,1666,7523,Oui,Non
6657,1896,7879,Non,Non
6658,1306,7595,Oui,Non
6659,2023,7630,Oui,Non
6660,1349,8002,Oui,Non
6661,1479,8286,Oui,Non
6662,1223,8487,Oui,Non
6663,2031,8026,Oui,Non
6664,1857,7425,Oui,Non
6665,2172,7353,Oui,Non
6666,1330,7280,Oui,Non
6667,1449,8181,Oui,Non
6668,2074,8838,Non,Non
6669,1252,7644,Non,Non
6670,1049,7030,Oui,Non
6671,1252,7434,Oui,Non
6672,1014,7593,Non,Oui
6673,2048,7530,Oui,Non
6674,1929,8892,Non,Oui
6675,1146,7745,Oui,Non
6676,1227,8504,Non,Non
6677,1778,7800,Non,Non
6678,1647,7856,Oui,Non
6679,1473,8182,Oui,Non
6680,1203,7824,Oui,Non
6681,1636,7759,Oui,Non
6682,1821,8007,Oui,Non
6683,1922,8540,Non,Non
6684,1971,8474,Non,Non
6685,1821,8764,Oui,Non
6686,1808,7096,Oui,Non
6687,1258,7018,Oui,Non
6688,1701,8741,Oui,Non
6689,1893,7637,Oui,Non
6690,1657,8898,Oui,Non
6691,2006,7745,Oui,Non
6692,2174,8277,Oui,Non
6693,2014,8084,Oui,Non
6694,2144,8027,Oui,Non
6695,1295,7959,Oui,Non
6696,1565,7291,Oui,Non
6697,1883,7158,Oui,Non
6698,2135,7741,Oui,Non
6699,1849,8824,Oui,Non
6700,2099,7958,Oui,Non
6701,1476,8322,Oui,Non
6702,1565,7072,Oui,Non
6703,1981,7287,Oui,Non
6704,1885,7415,Oui,Non
6705,1504,7333,Oui,Non
6706,1507,7114,Non,Oui
6707,2115,8427,Oui,Non
6708,2161,8681,Oui,Non
6709,1041,8837,Non,Oui
6710,1230,8641,Oui,Non
6711,1044,7821,Non,Oui
6712,2028,8090,Oui,Non
6713,2072,8021,Oui,Non
6714,1274,8427,Oui,Non
6715,1315,8167,Oui,Non
6716,1704,7154,Oui,Non
6717,1844,8247,Oui,Non
6718,1519,7710,Oui,Non
6719,2072,7433,Oui,Non
6720,1928,8962,Oui,Non
6721,2119,7410,Oui,Non
6722,1935,8460,Oui,Non
6723,1673,7715,Non,Non
6724,1885,8994,Non,Non
6725,1417,8655,Non,Non
6726,2178,7728,Non,Non
6727,2101,7896,Oui,Non
6728,1140,7951,Oui,Non
6729,1289,7670,Oui,Non
6730,1095,8419,Non,Oui
6731,2195,7228,Oui,Non
6732,1886,7265,Oui,Non
6733,1870,8914,Oui,Non
6734,1964,7863,Oui,Non
6735,1345,8213,Oui,Non
6736,2100,7582,Oui,Non
6737,2076,8762,Oui,Non
6738,1240,7994,Oui,Non
6739,1890,7986,Non,Oui
6740,1100,7186,Oui,Non
6741,2013,8666,Non,Oui
6742,1120,8392,Oui,Non
6743,1641,8754,Oui,Non
6744,1261,8714,Oui,Non
6745,2106,8957,Oui,Non
6746,1326,7207,Oui,Non
6747,1749,8305,Non,Oui
6748,1085,8299,Oui,Non
6749,1721,8498,Oui,Non
6750,1352,8693,Oui,Non
6751,1555,7855,Oui,Non
6752,1309,7074,Oui,Non
6753,1690,7871,Oui,Non
6754,1483,8233,Oui,Non
6755,1723,7075,Oui,Non
6756,1590,7387,Oui,Non
6757,1785,7263,Oui,Non
6758,2103,7188,Oui,Non
6759,1110,8318,Non,Oui
6760,1642,8935,Oui,Non
6761,1582,7135,Non,Non
6762,1327,7126,Oui,Non
6763,1580,8084,Oui,Non
6764,1710,7101,Oui,Non
6765,1756,7030,Oui,Non
6766,1435,8511,Oui,Non
6767,2056,7111,Non,Non
6768,2158,8246,Non,Non
6769,1051,7287,Oui,Non
6770,1009,7620,Oui,Non
6771,1050,8859,Non,Oui
6772,1959,7992,Oui,Non
6773,2142,7357,Oui,Non
6774,1673,8439,Oui,Non
6775,1265,8550,Oui,Non
6776,1452,8003,Non,Oui
6777,1703,7527,Oui,Non
6778,1133,7897,Oui,Non
6779,1732,7975,Oui,Non
6780,1635,8142,Non,Oui
6781,1200,7369,Non,Oui
6782,1217,7696,Non,Oui
6783,1445,8636,Non,Oui
6784,1262,8244,Oui,Non
6785,1948,8450,Oui,Non
6786,1285,8970,Oui,Non
6787,1121,8913,Oui,Non
6788,1426,8812,Oui,Non
6789,1456,8304,Oui,Non
6790,1104,7895,Oui,Non
6791,2106,8992,Oui,Non
6792,1677,8033,Oui,Non
6793,1590,8664,Oui,Non
6794,1387,7441,Oui,Non
6795,2158,7144,Oui,Non
6796,1089,7453,Non,Non
6797,1230,8411,Oui,Non
6798,1304,7905,Oui,Non
6799,1497,8162,Oui,Non
6800,1743,7646,Oui,Non
6801,1180,8944,Oui,Non
6802,1371,7173,Oui,Non
6803,1184,7864,Oui,Non
6804,1364,7069,Non,Oui
6805,1667,8225,Non,Non
6806,1008,8469,Oui,Non
6807,1515,7389,Oui,Non
6808,1442,7804,Oui,Non
6809,1515,7431,Oui,Non
6810,2154,8656,Non,Non
6811,1191,7518,Oui,Non
6812,1016,8294,Oui,Non
6813,1308,7339,Oui,Non
6814,1816,8471,Non,Non
6815,1654,7322,Oui,Non
6816,1097,8736,Oui,Non
6817,1914,8888,Oui,Non
6818,1988,7218,Oui,Non
6819,1448,7386,Oui,Non
6820,1763,7447,Oui,Non
6821,1090,8205,Oui,Non
6822,1123,8364,Oui,Non
6823,1288,7701,Oui,Non
6824,1869,8322,Oui,Non
6825,1678,7581,Non,Non
6826,2130,7847,Oui,Non
6827,1340,8133,Oui,Non
6828,1948,8340,Oui,Non
6829,1593,7562,Oui,Non
6830,1452,7377,Non,Non
6831,1776,7725,Oui,Non
6832,1847,8753,Oui,Non
6833,1134,7685,Non,Oui
6834,1842,8505,Oui,Non
6835,1248,7954,Oui,Non
6836,1418,7643,Oui,Non
6837,2055,7751,Non,Non
6838,2024,7811,Oui,Non
6839,1792,7736,Oui,Non
6840,2160,7740,Oui,Non
6841,1844,7026,Non,Oui
6842,1469,8445,Oui,Non
6843,1645,7315,Oui,Non
6844,1810,8509,Oui,Non
6845,1525,8306,Oui,Non
6846,1018,8155,Oui,Non
6847,1262,7668,Oui,Non
6848,1544,7694,Oui,Non
6849,1755,8719,Oui,Non
6850,1929,8314,Oui,Non
6851,1993,7813,Oui,Non
6852,1560,7144,Oui,Non
6853,1880,7629,Oui,Non
6854,1379,8268,Oui,Non
6855,1159,7452,Non,Oui
6856,1318,7367,Oui,Non
6857,1293,7250,Oui,Non
6858,1411,7741,Oui,Non
6859,1305,7638,Oui,Non
6860,1313,7341,Non,Non
6861,1757,7068,Oui,Non
6862,1626,8163,Oui,Non
6863,1273,8141,Oui,Non
6864,1944,8650,Oui,Non
6865,1673,7406,Oui,Non
6866,2118,7959,Oui,Non
6867,1436,8351,Oui,Non
6868,2022,7826,Non,Oui
6869,1050,7104,Oui,Non
6870,1320,7637,Non,Oui
6871,1883,7804,Oui,Non
6872,1633,8409,Oui,Non
6873,1884,8904,Oui,Non
6874,1010,8393,Oui,Non
6875,1431,8061,Non,Non
6876,1326,8800,Oui,Non
6877,1730,8855,Oui,Non
6878,2085,7670,Oui,Non
6879,1371,7685,Oui,Non
6880,1875,7339,Oui,Non
6881,1378,7773,Oui,Non
6882,1300,7432,Oui,Non
6883,1671,7918,Non,Non
6884,1326,8000,Oui,Non
6885,1623,8471,Oui,Non
6886,2107,8680,Non,Oui
6887,1340,7970,Oui,Non
6888,1554,7958,Non,Non
6889,1494,7519,Oui,Non
6890,1882,7853,Oui,Non
6891,1095,7724,Oui,Non
6892,1611,8228,Oui,Non
6893,1792,7179,Oui,Non
6894,1776,8782,Oui,Non
6895,1346,8029,Oui,Non
6896,2065,8425,Non,Oui
6897,1965,8931,Oui,Non
6898,1557,8991,Non,Non
6899,1522,8822,Oui,Non
6900,1504,8394,Oui,Non
6901,1738,7171,Non,Non
6902,1875,8274,Oui,Non
6903,1855,8639,Oui,Non
6904,1614,7560,Oui,Non
6905,2150,8997,Oui,Non
6906,1482,8780,Oui,Non
6907,1508,8116,Oui,Non
6908,1810,8187,Oui,Non
6909,1549,7961,Oui,Non
6910,1140,8648,Oui,Non
6911,1417,8012,Oui,Non
6912,1508,8294,Non,Non
6913,1005,7187,Non,Non
6914,1324,7328,Oui,Non
6915,1790,7441,Non,Oui
6916,1752,7370,Oui,Non
6917,1314,7493,Oui,Non
6918,1746,7312,Oui,Non
6919,1400,7497,Oui,Non
6920,1445,8391,Non,Oui
6921,1010,8216,Oui,Non
6922,1163,7344,Oui,Non
6923,1376,7501,Oui,Non
6924,1874,7992,Oui,Non
6925,1231,7375,Oui,Non
6926,1038,8839,Oui,Non
6927,1935,7996,Non,Oui
6928,1817,8852,Oui,Non
6929,1029,7016,Oui,Non
6930,1216,8344,Oui,Non
6931,1163,8949,Oui,Non
6932,1702,8727,Oui,Non
6933,1357,8924,Non,Oui
6934,1633,8085,Oui,Non
6935,1448,8606,Oui,Non
6936,1986,7233,Non,Non
6937,1149,7641,Oui,Non
6938,2010,7624,Oui,Non
6939,1237,7233,Oui,Non
6940,1120,8839,Oui,Non
6941,2132,7927,Oui,Non
6942,1989,7289,Oui,Non
6943,1382,8856,Oui,Non
6944,1522,7110,Oui,Non
6945,1487,8346,Oui,Non
6946,1020,8764,Non,Non
6947,1414,7580,Non,Non
6948,2164,8314,Oui,Non
6949,1420,7344,Oui,Non
6950,1026,7052,Oui,Non
6951,1440,7365,Oui,Non
6952,1156,8119,Oui,Non
6953,1718,7383,Oui,Non
6954,1788,7329,Oui,Non
6955,1088,8811,Oui,Non
6956,1452,7229,Oui,Non
6957,1958,8156,Oui,Non
6958,1595,7340,Oui,Non
6959,1441,7343,Oui,Non
6960,1055,7208,Non,Oui
6961,1171,7822,Oui,Non
6962,1227,7232,Oui,Non
6963,1960,8628,Non,Non
6964,1278,8952,Non,Non
6965,1368,7656,Oui,Non
6966,1387,8039,Oui,Non
6967,1526,8545,Oui,Non
6968,1907,7479,Oui,Non
6969,1350,7351,Oui,Non
6970,2175,7613,Oui,Non
6971,1693,7428,Oui,Non
6972,1048,7580,Oui,Non
6973,1405,7159,Non,Oui
6974,1576,8597,Oui,Non
6975,1702,7057,Oui,Non
6976,1655,7006,Oui,Non
6977,2028,7656,Oui,Non
6978,1597,7846,Oui,Non
6979,1477,8601,Non,Oui
6980,1514,7894,Oui,Non
6981,2008,7102,Oui,Non
6982,2146,8342,Oui,Non
6983,1049,8333,Oui,Non
6984,1559,8352,Oui,Non
6985,1083,7696,Oui,Non
6986,1672,8471,Non,Oui
6987,1335,7905,Non,Oui
6988,1907,7497,Oui,Non
6989,1384,8157,Non,Oui
6990,2121,8860,Oui,Non
6991,1023,7740,Oui,Non
6992,1323,7130,Oui,Non
6993,1875,8834,Non,Oui
6994,1786,8094,Oui,Non
6995,1081,7746,Oui,Non
6996,1621,7085,Oui,Non
6997,1132,7136,Oui,Non
6998,1560,8753,Oui,Non
6999,1182,7944,Non,Non
7000,1805,7557,Oui,Non
7001,1901,8161,Oui,Non
7002,2045,8139,Oui,Non
7003,1400,8292,Oui,Non
7004,1335,8832,Oui,Non
7005,1115,7918,Non,Non
7006,1052,7631,Oui,Non
7007,2113,8403,Oui,Non
7008,1505,8111,Oui,Non
7009,2183,7128,Non,Non
7010,1562,8682,Non,Oui
7011,2024,8630,Non,Non
7012,1952,7900,Oui,Non
7013,1146,8197,Oui,Non
7014,2157,7818,Non,Oui
7015,1198,7992,Oui,Non
7016,1314,8619,Oui,Non
7017,1865,7628,Oui,Non
7018,1990,8782,Oui,Non
7019,1083,7265,Non,Non
7020,2137,7009,Non,Non
7021,1717,8961,Oui,Non
7022,1926,8034,Oui,Non
7023,1279,7661,Non,Oui
7024,1122,8265,Non,Non
7025,1374,8090,Non,Non
7026,2156,8138,Oui,Non
7027,1483,7739,Oui,Non
7028,2022,7358,Oui,Non
7029,1390,7441,Non,Non
7030,1696,8435,Oui,Non
7031,1033,7335,Oui,Non
7032,1523,7062,Oui,Non
7033,2179,8031,Non,Non
7034,1868,7401,Oui,Non
7035,2083,7632,Oui,Non
7036,1587,8094,Oui,Non
7037,1278,8388,Oui,Non
7038,2200,8142,Oui,Non
7039,1805,8631,Oui,Non
7040,1269,8455,Oui,Non
7041,1159,8133,Oui,Non
7042,1853,8355,Oui,Non
7043,1341,8616,Oui,Non
7044,1683,8994,Non,Oui
7045,1481,8755,Non,Oui
7046,1007,8924,Oui,Non
7047,1324,7116,Oui,Non
7048,1399,7504,Non,Oui
7049,1122,7239,Oui,Non
7050,1273,7189,Oui,Non
7051,1402,7524,Oui,Non
7052,1363,8992,Non,Non
7053,1351,8638,Non,Oui
7054,1373,8817,Non,Non
7055,1747,7941,Oui,Non
7056,1566,7546,Oui,Non
7057,1241,8516,Oui,Non
7058,1628,7417,Non,Non
7059,1595,8913,Oui,Non
7060,1159,7216,Oui,Non
7061,1544,8822,Oui,Non
7062,1601,8163,Oui,Non
7063,1592,7342,Oui,Non
7064,1166,8294,Oui,Non
7065,1613,7368,Oui,Non
7066,1776,7487,Non,Non
7067,1752,7153,Oui,Non
7068,1228,7252,Oui,Non
7069,2006,8315,Non,Oui
7070,1516,8353,Oui,Non
7071,1365,8202,Oui,Non
7072,2027,7906,Oui,Non
7073,1904,8492,Oui,Non
7074,1440,8335,Oui,Non
7075,2016,7768,Non,Non
7076,2168,8663,Oui,Non
7077,1492,8750,Oui,Non
7078,1952,7648,Oui,Non
7079,1155,8633,Non,Oui
7080,1570,7984,Oui,Non
7081,1481,7100,Non,Oui
7082,1954,8665,Oui,Non
7083,1665,8516,Non,Oui
7084,1157,7053,Oui,Non
7085,1188,7288,Oui,Non
7086,1615,8852,Oui,Non
7087,2096,8311,Non,Non
7088,1787,8925,Oui,Non
7089,1422,8526,Oui,Non
7090,1146,8887,Oui,Non
7091,1852,7028,Oui,Non
7092,1798,7234,Oui,Non
7093,1774,8657,Oui,Non
7094,1497,8536,Non,Non
7095,1634,8244,Oui,Non
7096,1302,8637,Oui,Non
7097,2006,8225,Non,Oui
7098,1791,7693,Non,Non
7099,1159,8740,Oui,Non
7100,1897,7172,Oui,Non
7101,1019,7210,Oui,Non
7102,1338,7653,Oui,Non
7103,1392,7167,Oui,Non
7104,1004,8864,Oui,Non
7105,1108,7384,Oui,Non
7106,2143,8902,Non,Oui
7107,2048,8971,Non,Non
7108,1274,7232,Oui,Non
7109,1801,8820,Non,Oui
7110,2123,7605,Oui,Non
7111,1076,8742,Oui,Non
7112,1810,8563,Oui,Non
7113,1928,8035,Oui,Non
7114,1127,8326,Non,Oui
7115,1174,7570,Oui,Non
7116,1804,7029,Non,Oui
7117,1457,8725,Oui,Non
7118,1506,8445,Oui,Non
7119,1139,8472,Non,Non
7120,1348,8063,Non,Non
7121,1660,8516,Oui,Non
7122,1560,7936,Oui,Non
7123,1895,7437,Non,Non
7124,2032,7350,Non,Non
7125,1059,7697,Oui,Non
7126,1979,8178,Oui,Non
7127,2095,8738,Oui,Non
7128,1890,7033,Non,Oui
7129,1205,7083,Oui,Non
7130,1448,8240,Oui,Non
7131,2097,7212,Oui,Non
7132,1575,8674,Oui,Non
7133,1485,7699,Non,Non
7134,1053,8792,Non,Oui
7135,1729,8572,Oui,Non
7136,1840,8268,Oui,Non
7137,1785,7872,Oui,Non
7138,1859,7434,Oui,Non
7139,1959,8858,Oui,Non
7140,1996,7669,Non,Oui
7141,1179,7117,Non,Non
7142,1596,7266,Oui,Non
7143,1281,7778,Oui,Non
7144,1586,8874,Oui,Non
7145,1048,8795,Oui,Non
7146,1569,7708,Oui,Non
7147,1125,8028,Oui,Non
7148,1480,7659,Oui,Non
7149,1493,7689,Oui,Non
7150,1567,8313,Oui,Non
7151,1929,8565,Oui,Non
7152,1678,7078,Oui,Non
7153,1855,8887,Non,Non
7154,1743,8585,Oui,Non
7155,1940,8836,Oui,Non
7156,1517,8148,Oui,Non
7157,1723,8490,Non,Non
7158,1156,7350,Non,Oui
7159,1678,8922,Oui,Non
7160,1595,7859,Non,Non
7161,1106,7169,Oui,Non
7162,1665,8583,Oui,Non
7163,1324,8745,Oui,Non
7164,1359,8273,Oui,Non
7165,1877,7672,Oui,Non
7166,1814,8017,Non,Oui
7167,2198,8947,Oui,Non
7168,1292,7124,Non,Non
7169,1696,7552,Non,Non
7170,1002,7121,Oui,Non
7171,1184,7702,Oui,Non
7172,1169,8928,Oui,Non
7173,1294,7850,Oui,Non
7174,1656,7963,Oui,Non
7175,2113,7698,Non,Oui
7176,1414,8384,Oui,Non
7177,1769,8445,Non,Non
7178,1330,8260,Oui,Non
7179,1145,7640,Oui,Non
7180,1890,8532,Oui,Non
7181,1556,7122,Oui,Non
7182,1289,7046,Oui,Non
7183,1504,7419,Oui,Non
7184,1835,7157,Oui,Non
7185,2021,8077,Oui,Non
7186,1920,7295,Oui,Non
7187,1784,8848,Oui,Non
7188,1387,8350,Oui,Non
7189,2040,7085,Oui,Non
7190,1136,7986,Oui,Non
7191,1788,7099,Oui,Non
7192,1474,7126,Non,Oui
7193,1766,7598,Oui,Non
7194,2084,8332,Oui,Non
7195,1860,8337,Oui,Non
7196,1371,8387,Non,Oui
7197,1408,7179,Oui,Non
7198,2134,8107,Oui,Non
7199,1325,8402,Oui,Non
7200,1493,8905,Non,Oui
7201,1847,8022,Oui,Non
7202,1932,7492,Non,Non
7203,1935,7774,Non,Oui
7204,1714,7612,Oui,Non
7205,1120,7427,Oui,Non
7206,2033,7227,Oui,Non
7207,1513,7414,Oui,Non
7208,1228,7221,Oui,Non
7209,1419,8176,Non,Oui
7210,1421,7482,Oui,Non
7211,1278,7394,Non,Non
7212,1387,8337,Oui,Non
7213,1748,8391,Non,Oui
7214,1144,7638,Oui,Non
7215,1689,8530,Non,Non
7216,1952,7047,Oui,Non
7217,1513,7036,Oui,Non
7218,1866,7030,Oui,Non
7219,1577,8470,Oui,Non
7220,1253,8529,Oui,Non
7221,2039,7978,Non,Oui
7222,1220,8910,Oui,Non
7223,1586,8152,Non,Non
7224,1523,8354,Non,Non
7225,2186,7929,Oui,Non
7226,1357,8195,Oui,Non
7227,1895,8161,Oui,Non
7228,1979,8881,Oui,Non
7229,1344,8366,Oui,Non
7230,1469,8517,Oui,Non
7231,1740,8039,Oui,Non
7232,1930,7947,Oui,Non
7233,1330,7767,Oui,Non
7234,2100,7542,Oui,Non
7235,2146,8235,Oui,Non
7236,1615,8701,Non,Non
7237,1170,7787,Oui,Non
7238,1684,8280,Oui,Non
7239,2196,7566,Oui,Non
7240,1807,8346,Oui,Non
7241,1886,7515,Non,Non
7242,1296,7488,Oui,Non
7243,1529,7149,Non,Oui
7244,1320,8795,Non,Oui
7245,1770,8015,Non,Non
7246,1677,7524,Oui,Non
7247,1020,8613,Oui,Non
7248,1963,8561,Oui,Non
7249,1710,8566,Oui,Non
7250,1617,7770,Oui,Non
7251,1090,8534,Oui,Non
7252,1468,7868,Non,Non
7253,1704,8851,Oui,Non
7254,1263,8859,Oui,Non
7255,1058,7118,Oui,Non
7256,1635,8365,Oui,Non
7257,1991,8844,Oui,Non
7258,2015,7495,Oui,Non
7259,1868,7088,Oui,Non
7260,1217,7848,Oui,Non
7261,1611,7026,Oui,Non
7262,1262,8643,Oui,Non
7263,1180,7790,Oui,Non
7264,1663,8727,Non,Oui
7265,1708,7592,Oui,Non
7266,2030,8458,Oui,Non
7267,1258,8558,Non,Non
7268,1819,8004,Oui,Non
7269,2029,7694,Oui,Non
7270,1107,7867,Non,Non
7271,2041,7144,Non,Oui
7272,1959,7225,Oui,Non
7273,1748,8712,Oui,Non
7274,1853,7166,Oui,Non
7275,2193,8826,Non,Oui
7276,1089,8159,Oui,Non
7277,1490,7795,Oui,Non
7278,1029,7700,Oui,Non
7279,1759,7643,Oui,Non
7280,1847,7239,Oui,Non
7281,1425,8203,Non,Oui
7282,1385,7384,Oui,Non
7283,1761,8907,Oui,Non
7284,1305,7765,Oui,Non
7285,1828,7138,Oui,Non
7286,1167,8944,Oui,Non
7287,1880,8851,Oui,Non
7288,1639,8143,Oui,Non
7289,1795,8188,Non,Non
7290,1623,8077,Oui,Non
7291,2040,8286,Oui,Non
7292,1837,8515,Oui,Non
7293,2171,7871,Oui,Non
7294,1332,8014,Non,Oui
7295,1533,8452,Oui,Non
7296,2169,8793,Oui,Non
7297,1712,8667,Non,Oui
7298,1161,7865,Oui,Non
7299,1482,7009,Oui,Non
7300,1577,7831,Non,Oui
7301,1021,7227,Oui,Non
7302,1418,8993,Oui,Non
7303,1186,8169,Oui,Non
7304,1500,7956,Non,Non
7305,2074,7744,Non,Non
7306,1464,8664,Oui,Non
7307,1861,8615,Oui,Non
7308,1395,7025,Oui,Non
7309,1714,7855,Oui,Non
7310,1723,8005,Oui,Non
7311,1802,8271,Oui,Non
7312,1341,8570,Oui,Non
7313,1634,8640,Oui,Non
7314,1611,8802,Oui,Non
7315,1073,7445,Oui,Non
7316,1417,7038,Non,Oui
7317,1262,7632,Oui,Non
7318,1357,8453,Oui,Non
7319,1781,7424,Oui,Non
7320,1666,7261,Oui,Non
7321,1470,8612,Oui,Non
7322,1847,7166,Oui,Non
7323,2055,8415,Oui,Non
7324,1027,8978,Oui,Non
7325,2107,7007,Oui,Non
7326,1880,8756,Oui,Non
7327,2194,7675,Non,Non
7328,1846,8980,Oui,Non
7329,1138,8152,Oui,Non
7330,1132,8455,Oui,Non
7331,1336,8030,Oui,Non
7332,1956,7993,Oui,Non
7333,1062,8658,Oui,Non
7334,1869,7789,Non,Non
7335,1804,8334,Oui,Non
7336,1623,7984,Oui,Non
7337,1151,8332,Oui,Non
7338,1849,8949,Oui,Non
7339,1574,7689,Non,Non
7340,1412,8401,Oui,Non
7341,1101,8469,Oui,Non
7342,1570,7064,Oui,Non
7343,1448,7707,Non,Oui
7344,1406,8365,Oui,Non
7345,1412,7319,Oui,Non
7346,1703,7259,Oui,Non
7347,1676,7850,Non,Oui
7348,1201,8193,Oui,Non
7349,1098,8666,Oui,Non
7350,1512,7112,Non,Non
7351,2027,7932,Oui,Non
7352,1935,8618,Oui,Non
7353,1816,7676,Oui,Non
7354,1599,8630,Oui,Non
7355,1148,8026,Oui,Non
7356,2035,7488,Oui,Non
7357,1347,8863,Oui,Non
7358,1152,7672,Oui,Non
7359,1957,7905,Oui,Non
7360,1550,8177,Oui,Non
7361,1820,8487,Oui,Non
7362,1721,7903,Oui,Non
7363,1710,7282,Oui,Non
7364,1342,8964,Oui,Non
7365,1793,7223,Oui,Non
7366,1551,8451,Non,Non
7367,1049,8822,Non,Non
7368,1625,8151,Non,Oui
7369,1608,7389,Non,Non
7370,1525,8517,Oui,Non
7371,1839,8769,Non,Oui
7372,1487,8882,Oui,Non
7373,1895,7703,Oui,Non
7374,1034,8592,Oui,Non
7375,1070,8449,Oui,Non
7376,1753,8218,Non,Non
7377,1820,8526,Oui,Non
7378,1385,7291,Oui,Non
7379,1747,8965,Non,Non
7380,1386,7786,Non,Non
7381,2187,8598,Non,Non
7382,1316,8305,Oui,Non
7383,1851,7785,Oui,Non
7384,1671,8375,Oui,Non
7385,1071,8445,Oui,Non
7386,2096,7086,Oui,Non
7387,1002,8370,Non,Oui
7388,1458,8898,Oui,Non
7389,1440,8128,Oui,Non
7390,1137,7324,Non,Oui
7391,2184,8266,Oui,Non
7392,1977,7878,Oui,Non
7393,1036,7409,Non,Oui
7394,1458,7605,Oui,Non
7395,2031,7459,Oui,Non
7396,1862,7990,Non,Oui
7397,1207,8187,Oui,Non
7398,1006,7712,Oui,Non
7399,1668,8005,Oui,Non
7400,1397,8207,Non,Non
7401,1980,7070,Oui,Non
7402,1801,8677,Oui,Non
7403,1500,7156,Oui,Non
7404,1012,8210,Oui,Non
7405,1555,7872,Non,Non
7406,2015,8529,Non,Non
7407,1103,8547,Non,Non
7408,2030,7879,Oui,Non
7409,1120,8741,Oui,Non
7410,1435,7194,Oui,Non
7411,1361,7866,Oui,Non
7412,1648,7558,Non,Oui
7413,1100,8406,Non,Non
7414,1672,8057,Oui,Non
7415,1029,8740,Oui,Non
7416,1602,7791,Oui,Non
7417,1647,8246,Oui,Non
7418,1027,7084,Oui,Non
7419,2188,8376,Oui,Non
7420,1072,7924,Oui,Non
7421,2038,8922,Oui,Non
7422,1804,7904,Oui,Non
7423,1633,8492,Non,Non
7424,1500,8730,Oui,Non
7425,2173,7476,Oui,Non
7426,1067,8136,Non,Non
7427,1215,7432,Oui,Non
7428,2088,7652,Oui,Non
7429,1139,8073,Non,Oui
7430,1224,7412,Oui,Non
7431,1258,8910,Non,Oui
7432,1519,8341,Oui,Non
7433,1359,7735,Oui,Non
7434,1213,7178,Oui,Non
7435,1086,7403,Non,Non
7436,1615,8761,Oui,Non
7437,2184,7602,Oui,Non
7438,2183,7579,Oui,Non
7439,1372,7643,Oui,Non
7440,1075,8493,Oui,Non
7441,1286,7506,Oui,Non
7442,1917,8392,Oui,Non
7443,1959,7798,Oui,Non
7444,1794,8703,Non,Oui
7445,2073,8183,Oui,Non
7446,1146,8832,Non,Non
7447,1635,7035,Oui,Non
7448,2156,8254,Oui,Non
7449,1447,8094,Non,Oui
7450,1595,8371,Oui,Non
7451,1399,7044,Oui,Non
7452,2046,7403,Oui,Non
7453,1330,8415,Oui,Non
7454,1419,8298,Oui,Non
7455,1917,8446,Oui,Non
7456,1789,8541,Oui,Non
7457,2045,7342,Oui,Non
7458,1714,8912,Non,Oui
7459,1164,8129,Oui,Non
7460,1456,7458,Oui,Non
7461,1963,8044,Non,Oui
7462,1699,7897,Oui,Non
7463,1927,8011,Non,Oui
7464,1280,8443,Oui,Non
7465,2145,8132,Oui,Non
7466,1069,8792,Oui,Non
7467,1320,8087,Oui,Non
7468,1655,8647,Non,Non
7469,1069,7733,Oui,Non
7470,1381,7488,Oui,Non
7471,1027,7429,Oui,Non
7472,1775,7897,Oui,Non
7473,1988,7227,Oui,Non
7474,1348,7546,Oui,Non
7475,1967,8357,Oui,Non
7476,1700,8538,Non,Oui
7477,1830,7578,Non,Oui
7478,1849,7977,Oui,Non
7479,1195,8423,Non,Non
7480,1648,7469,Oui,Non
7481,1364,7728,Oui,Non
7482,1616,8992,Oui,Non
7483,2062,8090,Non,Non
7484,1662,7286,Oui,Non
7485,2175,8981,Oui,Non
7486,1231,8672,Oui,Non
7487,1214,8561,Oui,Non
7488,1645,8507,Non,Non
7489,1512,8613,Oui,Non
7490,1706,7153,Oui,Non
7491,1877,7588,Oui,Non
7492,2013,7076,Oui,Non
7493,1124,8354,Oui,Non
7494,2090,7019,Oui,Non
7495,2033,8506,Non,Non
7496,1139,8761,Oui,Non
7497,1531,7889,Oui,Non
7498,1124,7364,Oui,Non
7499,1656,8043,Oui,Non
7500,1613,8529,Non,Oui
7501,1705,7772,Oui,Non
7502,1494,8750,Oui,Non
7503,2107,8184,Oui,Non
7504,1616,8278,Oui,Non
7505,1572,8576,Non,Oui
7506,1110,7695,Oui,Non
7507,1691,8480,Oui,Non
7508,2087,8923,Oui,Non
7509,1394,8097,Non,Oui
7510,1415,8647,Oui,Non
7511,1552,8387,Oui,Non
7512,1298,7951,Oui,Non
7513,1226,8363,Oui,Non
7514,1799,8583,Oui,Non
7515,2048,8863,Oui,Non
7516,2188,8916,Oui,Non
7517,1514,7986,Oui,Non
7518,1369,8952,Oui,Non
7519,1962,7051,Non,Oui
7520,2140,7706,Oui,Non
7521,1572,7962,Oui,Non
7522,1910,8541,Oui,Non
7523,2079,7197,Non,Oui
7524,1388,8881,Oui,Non
7525,1318,7367,Oui,Non
7526,1575,7185,Oui,Non
7527,1360,8912,Oui,Non
7528,2046,8544,Non,Oui
7529,1803,7380,Oui,Non
7530,2188,7514,Oui,Non
7531,2028,7739,Non,Oui
7532,1754,7570,Oui,Non
7533,2105,8256,Oui,Non
7534,2104,8839,Oui,Non
7535,1490,7176,Oui,Non
7536,1008,7105,Oui,Non
7537,1461,7058,Non,Oui
7538,1325,8035,Oui,Non
7539,1973,7391,Oui,Non
7540,1621,8784,Oui,Non
7541,1632,7915,Oui,Non
7542,2120,8949,Oui,Non
7543,1908,7206,Oui,Non
7544,2032,8197,Oui,Non
7545,1286,7190,Oui,Non
7546,1751,7123,Oui,Non
7547,1354,8742,Oui,Non
7548,2099,7643,Oui,Non
7549,1431,7611,Oui,Non
7550,1104,8404,Oui,Non
7551,2103,7359,Oui,Non
7552,2181,7349,Oui,Non
7553,1363,8067,Non,Non
7554,1593,7810,Oui,Non
7555,1438,7805,Oui,Non
7556,1813,7415,Oui,Non
7557,2135,7602,Oui,Non
7558,1212,7961,Oui,Non
7559,1808,8982,Oui,Non
7560,1030,7483,Non,Non
7561,1830,7639,Non,Non
7562,2056,8691,Oui,Non
7563,2024,7577,Non,Non
7564,1185,7888,Oui,Non
7565,1456,8759,Non,Oui
7566,1195,7126,Non,Oui
7567,1201,7796,Oui,Non
7568,1769,7884,Oui,Non
7569,1295,8074,Oui,Non
7570,1652,7627,Oui,Non
7571,1006,8093,Oui,Non
7572,1930,8261,Oui,Non
7573,1775,7312,Non,Non
7574,2178,7721,Oui,Non
7575,1214,8299,Oui,Non
7576,1640,8080,Oui,Non
7577,1075,7784,Oui,Non
7578,1850,8531,Oui,Non
7579,1124,7375,Oui,Non
7580,1607,7858,Non,Non
7581,1213,7906,Oui,Non
7582,1688,7409,Oui,Non
7583,1217,8862,Oui,Non
7584,1275,8847,Non,Oui
7585,1149,8976,Oui,Non
7586,1797,8284,Oui,Non
7587,2115,7590,Oui,Non
7588,1964,8790,Oui,Non
7589,1303,8862,Non,Non
7590,1716,7115,Oui,Non
7591,1561,7314,Non,Non
7592,2172,7400,Non,Non
7593,1521,8735,Oui,Non
7594,1139,8316,Non,Oui
7595,1352,8263,Non,Non
7596,1050,7346,Oui,Non
7597,1053,7709,Oui,Non
7598,1063,8722,Oui,Non
7599,1911,7194,Oui,Non
7600,1696,7480,Oui,Non
7601,1250,8024,Non,Non
7602,1522,7933,Oui,Non
7603,1649,7731,Oui,Non
7604,1136,7350,Oui,Non
7605,2132,8424,Oui,Non
7606,2186,7365,Oui,Non
7607,1369,8040,Oui,Non
7608,1148,7731,Non,Non
7609,1371,7098,Oui,Non
7610,1726,7285,Oui,Non
7611,1903,8788,Oui,Non
7612,1008,7247,Oui,Non
7613,1881,7341,Non,Oui
7614,1094,8743,Oui,Non
7615,1117,7978,Oui,Non
7616,1279,7571,Oui,Non
7617,1130,7475,Oui,Non
7618,1111,7506,Non,Oui
7619,1346,7749,Non,Non
7620,1345,7997,Oui,Non
7621,1814,8668,Oui,Non
7622,1491,8150,Oui,Non
7623,1577,7606,Oui,Non
7624,1476,7987,Oui,Non
7625,1727,7527,Oui,Non
7626,2197,8213,Oui,Non
7627,2152,8552,Oui,Non
7628,2075,7040,Oui,Non
7629,1054,8071,Oui,Non
7630,1522,8682,Oui,Non
7631,2140,7843,Oui,Non
7632,1263,8210,Oui,Non
7633,2056,7654,Oui,Non
7634,1118,8545,Non,Oui
7635,2047,8751,Non,Non
7636,1217,7686,Oui,Non
7637,1646,7242,Oui,Non
7638,1433,7956,Oui,Non
7639,1215,7122,Oui,Non
7640,1990,7519,Oui,Non
7641,1964,8173,Oui,Non
7642,2164,7220,Oui,Non
7643,1966,7256,Oui,Non
7644,1515,8750,Oui,Non
7645,1061,7411,Oui,Non
7646,1731,7808,Oui,Non
7647,2033,8409,Oui,Non
7648,2086,7812,Oui,Non
7649,1997,8545,Oui,Non
7650,1602,8599,Oui,Non
7651,1775,7830,Oui,Non
7652,1011,7907,Oui,Non
7653,1807,7776,Oui,Non
7654,1599,8744,Oui,Non
7655,1213,7304,Non,Oui
7656,1217,8113,Oui,Non
7657,1894,8059,Oui,Non
7658,2027,8310,Oui,Non
7659,1272,8619,Oui,Non
7660,2200,8281,Oui,Non
7661,1627,7443,Oui,Non
7662,1748,7240,Oui,Non
7663,1281,7811,Oui,Non
7664,1673,7990,Oui,Non
7665,1882,7858,Non,Oui
7666,2145,8916,Oui,Non
7667,1203,7876,Oui,Non
7668,1963,8072,Oui,Non
7669,1646,7307,Oui,Non
7670,2134,7138,Oui,Non
7671,1500,7999,Oui,Non
7672,1549,7321,Oui,Non
7673,2056,7472,Oui,Non
7674,1451,7024,Oui,Non
7675,1733,7493,Oui,Non
7676,1278,8517,Oui,Non
7677,1814,7086,Oui,Non
7678,2101,7709,Oui,Non
7679,2145,8714,Oui,Non
7680,1485,7595,Oui,Non
7681,1062,7191,Oui,Non
7682,2002,8712,Oui,Non
7683,1933,7674,Oui,Non
7684,2003,7414,Oui,Non
7685,1921,8754,Oui,Non
7686,1565,8559,Oui,Non
7687,1082,8180,Oui,Non
7688,1139,8236,Non,Oui
7689,1798,8762,Oui,Non
7690,1982,8938,Oui,Non
7691,1789,7193,Oui,Non
7692,1065,8359,Oui,Non
7693,1514,7044,Oui,Non
7694,1422,8861,Oui,Non
7695,2189,7198,Non,Non
7696,1042,7601,Non,Non
7697,2018,8980,Non,Non
7698,1570,8824,Non,Oui
7699,1971,8753,Oui,Non
7700,1331,8649,Oui,Non
7701,2030,8353,Oui,Non
7702,1935,8356,Oui,Non
7703,1140,8388,Oui,Non
7704,2181,8205,Oui,Non
7705,1656,8037,Oui,Non
7706,1475,7841,Oui,Non
7707,1144,7244,Oui,Non
7708,2102,8760,Oui,Non
7709,2139,8879,Oui,Non
7710,1921,8911,Oui,Non
7711,1789,7672,Non,Non
7712,2125,8704,Non,Non
7713,1295,8723,Oui,Non
7714,1241,7341,Oui,Non
7715,2094,8043,Non,Non
7716,1338,7529,Oui,Non
7717,2193,7132,Oui,Non
7718,1829,7053,Oui,Non
7719,1599,7205,Oui,Non
7720,1713,8388,Oui,Non
7721,1754,7396,Non,Non
7722,1465,7127,Oui,Non
7723,1570,7440,Oui,Non
7724,1853,7417,Oui,Non
7725,1658,7755,Oui,Non
7726,2012,7045,Oui,Non
7727,1253,7892,Oui,Non
7728,1524,7523,Oui,Non
7729,1196,7555,Oui,Non
7730,1005,7010,Oui,Non
7731,1557,7075,Oui,Non
7732,1757,7841,Oui,Non
7733,1489,8586,Oui,Non
7734,1866,7640,Non,Oui
7735,1996,7326,Non,Oui
7736,2074,8517,Oui,Non
7737,2151,8031,Oui,Non
7738,1677,8535,Oui,Non
7739,1316,7929,Oui,Non
7740,1530,8206,Non,Non
7741,2180,8686,Oui,Non
7742,1306,8836,Oui,Non
7743,1984,8413,Non,Oui
7744,1842,7836,Oui,Non
7745,1659,7565,Oui,Non
7746,1751,8042,Oui,Non
7747,2148,8439,Non,Oui
7748,1499,8956,Non,Non
7749,1138,8865,Oui,Non
7750,1661,7385,Oui,Non
7751,1293,7727,Non,Non
7752,1113,8631,Oui,Non
7753,2015,7942,Oui,Non
7754,1664,7400,Oui,Non
7755,1005,8573,Oui,Non
7756,1974,7593,Oui,Non
7757,1527,7126,Non,Non
7758,1773,8954,Non,Oui
7759,1096,7602,Oui,Non
7760,1204,7838,Oui,Non
7761,2013,7953,Oui,Non
7762,1984,8591,Oui,Non
7763,1319,8805,Non,Oui
7764,1960,7211,Oui,Non
7765,1437,8519,Oui,Non
7766,1606,7366,Non,Oui
7767,2167,8476,Non,Oui
7768,1049,8409,Oui,Non
7769,2049,8122,Oui,Non
7770,1998,8861,Oui,Non
7771,1946,7815,Oui,Non
7772,1344,8738,Oui,Non
7773,1713,7639,Non,Oui
7774,1148,7812,Oui,Non
7775,1476,8177,Oui,Non
7776,2046,7633,Oui,Non
7777,1989,7259,Non,Oui
7778,1111,8692,Oui,Non
7779,1958,8826,Oui,Non
7780,1092,8397,Oui,Non
7781,1044,7801,Oui,Non
7782,1221,7656,Oui,Non
7783,1719,7068,Oui,Non
7784,1379,7805,Oui,Non
7785,1061,8437,Non,Oui
7786,1966,7464,Oui,Non
7787,1277,7317,Oui,Non
7788,1114,8671,Oui,Non
7789,1900,7892,Non,Oui
7790,1662,7587,Oui,Non
7791,1665,7480,Oui,Non
7792,1367,7569,Oui,Non
7793,1234,8417,Oui,Non
7794,1569,7454,Non,Non
7795,1342,8936,Oui,Non
7796,1151,7956,Non,Non
7797,1025,7749,Oui,Non
7798,1139,7492,Oui,Non
7799,1682,7928,Non,Non
7800,1238,7458,Oui,Non
7801,1909,8756,Oui,Non
7802,2148,7789,Oui,Non
7803,1681,8705,Oui,Non
7804,1838,7226,Oui,Non
7805,1062,7903,Oui,Non
7806,1713,8364,Oui,Non
7807,2020,7018,Oui,Non
7808,1321,8276,Oui,Non
7809,1817,8089,Non,Oui
7810,1547,7593,Oui,Non
7811,1392,7704,Oui,Non
7812,2119,8207,Non,Non
7813,1355,8911,Oui,Non
7814,1309,8791,Non,Non
7815,1643,7883,Oui,Non
7816,1785,8328,Oui,Non
7817,1709,7129,Oui,Non
7818,1989,8640,Oui,Non
7819,1915,8423,Oui,Non
7820,2199,7412,Non,Oui
7821,2067,7513,Oui,Non
7822,1447,7138,Oui,Non
7823,1406,7548,Non,Oui
7824,1515,8654,Oui,Non
7825,1041,8371,Non,Non
7826,2009,7867,Oui,Non
7827,1230,7405,Oui,Non
7828,1183,7813,Non,Oui
7829,1772,7158,Oui,Non
7830,1884,8578,Oui,Non
7831,1310,8664,Oui,Non
7832,1536,8850,Oui,Non
7833,2045,7195,Non,Oui
7834,1553,8082,Non,Oui
7835,1344,8194,Oui,Non
7836,1149,8261,Oui,Non
7837,1559,7090,Oui,Non
7838,2138,8232,Oui,Non
7839,1505,7917,Non,Non
7840,1619,8135,Oui,Non
7841,1245,8658,Oui,Non
7842,1823,8056,Oui,Non
7843,1512,7017,Oui,Non
7844,2068,8745,Oui,Non
7845,2055,8110,Oui,Non
7846,1025,7676,Non,Non
7847,2041,7086,Non,Non
7848,1549,7033,Oui,Non
7849,1579,8459,Oui,Non
7850,1069,8133,Non,Oui
7851,1099,7695,Non,Oui
7852,1454,7699,Oui,Non
7853,1885,8660,Non,Non
7854,1378,8970,Non,Non
7855,1484,7141,Oui,Non
7856,1850,8165,Oui,Non
7857,1046,8823,Oui,Non
7858,1154,7330,Oui,Non
7859,1881,8972,Non,Non
7860,1865,8589,Oui,Non
7861,2036,7236,Oui,Non
7862,1711,8160,Oui,Non
7863,1390,7813,Oui,Non
7864,1106,7937,Oui,Non
7865,2043,8687,Non,Oui
7866,1540,8198,Oui,Non
7867,1154,8736,Non,Non
7868,1010,8766,Oui,Non
7869,1001,7502,Oui,Non
7870,1532,8526,Oui,Non
7871,1855,8984,Oui,Non
7872,2015,8466,Oui,Non
7873,1860,7801,Non,Oui
7874,2050,8294,Oui,Non
7875,1047,7585,Oui,Non
7876,1118,7621,Non,Non
7877,2027,8167,Oui,Non
7878,1812,7596,Oui,Non
7879,1815,7555,Oui,Non
7880,2083,7790,Oui,Non
7881,2155,8798,Oui,Non
7882,1267,8575,Oui,Non
7883,1464,7048,Oui,Non
7884,1303,7556,Oui,Non
7885,2132,8879,Non,Non
7886,1522,7193,Oui,Non
7887,1446,8372,Non,Oui
7888,1744,8004,Non,Oui
7889,2115,7813,Oui,Non
7890,1028,8409,Oui,Non
7891,2033,7410,Oui,Non
7892,1640,8812,Oui,Non
7893,1756,7556,Non,Non
7894,1572,8722,Oui,Non
7895,1971,8055,Oui,Non
7896,2157,8118,Oui,Non
7897,1353,7032,Non,Oui
7898,1785,7764,Oui,Non
7899,1402,7365,Oui,Non
7900,1850,8660,Oui,Non
7901,1939,7893,Oui,Non
7902,1285,7492,Oui,Non
7903,1484,7170,Oui,Non
7904,1473,8856,Non,Oui
7905,2091,7422,Oui,Non
7906,1706,8977,Oui,Non
7907,1964,8711,Oui,Non
7908,1068,7330,Oui,Non
7909,1275,8831,Non,Non
7910,1181,8764,Oui,Non
7911,1166,8389,Oui,Non
7912,2156,7607,Non,Oui
7913,1037,7274,Oui,Non
7914,2171,7587,Oui,Non
7915,1458,8592,Oui,Non
7916,1438,7569,Oui,Non
7917,1578,8427,Oui,Non
7918,1150,7063,Oui,Non
7919,1382,8946,Oui,Non
7920,1254,8694,Oui,Non
7921,1875,8980,Oui,Non
7922,2174,8305,Oui,Non
7923,1870,7865,Oui,Non
7924,1527,7964,Oui,Non
7925,1279,8539,Oui,Non
7926,1200,7163,Oui,Non
7927,1126,7605,Oui,Non
7928,1472,8044,Oui,Non
7929,1960,8733,Oui,Non
7930,1808,7037,Oui,Non
7931,2119,7916,Oui,Non
7932,1975,8610,Oui,Non
7933,1709,8320,Oui,Non
7934,1579,7292,Oui,Non
7935,1434,8212,Oui,Non
7936,1266,7275,Oui,Non
7937,1738,8813,Oui,Non
7938,1977,7924,Oui,Non
7939,1934,7935,Oui,Non
7940,1914,8382,Oui,Non
7941,1338,7219,Oui,Non
7942,2068,8077,Oui,Non
7943,1205,8917,Non,Oui
7944,1885,7072,Non,Non
7945,1776,7389,Oui,Non
7946,2193,8694,Oui,Non
7947,2095,8002,Oui,Non
7948,2036,8789,Oui,Non
7949,1033,8553,Oui,Non
7950,1585,7947,Oui,Non
7951,2148,7506,Oui,Non
7952,2031,8622,Oui,Non
7953,1916,8542,Oui,Non
7954,1786,8181,Oui,Non
7955,1501,8398,Oui,Non
7956,2078,7698,Oui,Non
7957,1112,7308,Oui,Non
7958,1636,7835,Non,Non
7959,1860,8460,Oui,Non
7960,1972,8213,Oui,Non
7961,1912,8321,Non,Oui
7962,1140,8065,Oui,Non
7963,1890,7441,Non,Non
7964,1161,8789,Oui,Non
7965,2176,7667,Oui,Non
7966,1596,8598,Oui,Non
7967,2200,7277,Oui,Non
7968,1133,7236,Oui,Non
7969,1687,8533,Oui,Non
7970,1471,8952,Oui,Non
7971,1106,7179,Oui,Non
7972,1944,7438,Oui,Non
7973,2170,7866,Oui,Non
7974,1403,8035,Oui,Non
7975,1724,7599,Non,Non
7976,2153,8933,Oui,Non
7977,2011,8391,Oui,Non
7978,1176,8450,Oui,Non
7979,1315,8660,Oui,Non
7980,1091,8127,Non,Oui
7981,1253,7048,Oui,Non
7982,1200,8521,Oui,Non
7983,2034,8674,Oui,Non
7984,1853,8221,Oui,Non
7985,1374,7655,Oui,Non
7986,2001,7663,Oui,Non
7987,1221,7519,Oui,Non
7988,1088,8158,Non,Non
7989,1912,7202,Oui,Non
7990,1029,8360,Oui,Non
7991,1004,8461,Oui,Non
7992,1724,8055,Oui,Non
7993,1376,7559,Oui,Non
7994,1358,7991,Oui,Non
7995,1601,8796,Non,Non
7996,1808,7868,Non,Non
7997,1264,8269,Oui,Non
7998,2058,7407,Oui,Non
7999,1708,7236,Non,Non
8000,1952,7319,Oui,Non
8001,1131,7369,Oui,Non
8002,1525,7422,Oui,Non
8003,1482,7671,Oui,Non
8004,1885,7949,Oui,Non
8005,1917,8393,Oui,Non
8006,1910,7436,Oui,Non
8007,1267,7795,Oui,Non
8008,1686,8090,Oui,Non
8009,1424,8364,Non,Oui
8010,1614,8452,Oui,Non
8011,1897,8228,Oui,Non
8012,1003,7964,Oui,Non
8013,1374,8777,Non,Oui
8014,1846,7175,Oui,Non
8015,1073,7986,Non,Non
8016,1805,8818,Non,Non
8017,1845,8238,Oui,Non
8018,1560,7972,Oui,Non
8019,1185,7941,Oui,Non
8020,1349,7594,Oui,Non
8021,1755,7799,Oui,Non
8022,1502,8603,Oui,Non
8023,1315,7714,Non,Oui
8024,1793,8906,Oui,Non
8025,1762,8465,Non,Non
8026,1743,7668,Oui,Non
8027,1778,8003,Oui,Non
8028,1022,7972,Oui,Non
8029,1114,8355,Non,Non
8030,2071,8411,Oui,Non
8031,1610,8663,Oui,Non
8032,1791,7549,Oui,Non
8033,1148,7376,Non,Oui
8034,1181,7534,Oui,Non
8035,1420,8345,Oui,Non
8036,1485,7220,Oui,Non
8037,1809,7361,Oui,Non
8038,1684,7808,Non,Non
8039,1524,7457,Oui,Non
8040,1079,8195,Oui,Non
8041,1690,7806,Oui,Non
8042,1034,7127,Non,Oui
8043,1412,7799,Oui,Non
8044,1242,8624,Oui,Non
8045,1159,7797,Non,Oui
8046,1913,8046,Oui,Non
8047,1114,8785,Oui,Non
8048,2027,7222,Oui,Non
8049,1746,8568,Oui,Non
8050,1976,8534,Non,Non
8051,1505,8238,Oui,Non
8052,1328,7989,Oui,Non
8053,1650,8190,Non,Non
8054,1804,7903,Oui,Non
8055,1126,7686,Oui,Non
8056,2059,8214,Oui,Non
8057,1076,7972,Oui,Non
8058,1374,8421,Oui,Non
8059,1787,8248,Oui,Non
8060,1197,7667,Oui,Non
8061,2125,7375,Oui,Non
8062,1020,7102,Non,Non
8063,2176,7507,Oui,Non
8064,1215,7435,Oui,Non
8065,2172,7400,Non,Oui
8066,1537,7862,Oui,Non
8067,1132,7512,Oui,Non
8068,2117,8730,Oui,Non
8069,1156,7737,Oui,Non
8070,1172,8420,Oui,Non
8071,1139,8078,Oui,Non
8072,1767,7130,Oui,Non
8073,1724,8632,Oui,Non
8074,1175,7969,Oui,Non
8075,1747,7689,Oui,Non
8076,1321,7318,Oui,Non
8077,1755,7741,Oui,Non
8078,1662,8140,Non,Non
8079,1053,8781,Oui,Non
8080,1012,8606,Non,Oui
8081,1303,8121,Oui,Non
8082,1364,8246,Oui,Non
8083,1731,8947,Non,Non
8084,1899,8080,Oui,Non
8085,1213,7768,Oui,Non
8086,1398,7719,Oui,Non
8087,1840,7616,Non,Non
8088,1321,7841,Oui,Non
8089,1635,8742,Oui,Non
8090,1545,7845,Oui,Non
8091,1738,7658,Oui,Non
8092,1310,8837,Oui,Non
8093,1211,8553,Oui,Non
8094,1252,8128,Oui,Non
8095,1101,8078,Non,Non
8096,2106,7984,Oui,Non
8097,1636,8677,Oui,Non
8098,1053,8531,Non,Oui
8099,2112,7228,Oui,Non
8100,1656,8085,Oui,Non
8101,1004,8152,Oui,Non
8102,1862,7997,Non,Non
8103,1533,7520,Oui,Non
8104,1163,8205,Oui,Non
8105,2089,8662,Oui,Non
8106,2123,8956,Oui,Non
8107,1398,8700,Oui,Non
8108,1606,7796,Oui,Non
8109,1497,8917,Oui,Non
8110,1616,8674,Oui,Non
8111,1567,8524,Oui,Non
8112,1469,7407,Oui,Non
8113,1303,7320,Non,Non
8114,1882,8884,Oui,Non
8115,1153,7707,Non,Non
8116,1448,7994,Oui,Non
8117,2126,8815,Oui,Non
8118,1502,7591,Oui,Non
8119,1338,7237,Non,Oui
8120,1018,7655,Oui,Non
8121,1970,7268,Non,Oui
8122,1055,8279,Oui,Non
8123,2155,7875,Oui,Non
8124,1156,7553,Oui,Non
8125,1997,7924,Oui,Non
8126,1840,7774,Oui,Non
8127,2091,8539,Oui,Non
8128,1650,8190,Oui,Non
8129,2141,7191,Oui,Non
8130,1611,7993,Oui,Non
8131,1893,7748,Non,Oui
8132,1904,8323,Oui,Non
8133,1717,8074,Oui,Non
8134,1614,8037,Oui,Non
8135,1710,8850,Oui,Non
8136,1742,7928,Oui,Non
8137,1232,8638,Oui,Non
8138,2097,7519,Oui,Non
8139,1800,7133,Non,Oui
8140,2157,7656,Non,Oui
8141,1981,7514,Oui,Non
8142,1990,7569,Oui,Non
8143,1324,7163,Oui,Non
8144,2040,7562,Oui,Non
8145,1911,7757,Oui,Non
8146,1149,8609,Oui,Non
8147,2123,8549,Non,Non
8148,2064,7961,Oui,Non
8149,2010,8214,Oui,Non
8150,1453,7260,Non,Non
8151,1083,8310,Oui,Non
8152,1123,7663,Oui,Non
8153,1655,7588,Oui,Non
8154,1233,7898,Oui,Non
8155,1660,8128,Oui,Non
8156,1067,7661,Oui,Non
8157,1138,8171,Oui,Non
8158,1621,8896,Oui,Non
8159,1838,7258,Oui,Non
8160,1962,7212,Non,Non
8161,1480,7506,Non,Oui
8162,1833,7689,Non,Non
8163,1762,8797,Oui,Non
8164,1755,8255,Oui,Non
8165,2199,8374,Non,Oui
8166,2169,7811,Oui,Non
8167,1381,8496,Non,Oui
8168,1827,8877,Oui,Non
8169,2004,8148,Oui,Non
8170,1667,8297,Oui,Non
8171,2131,7300,Oui,Non
8172,1976,7390,Oui,Non
8173,1871,7507,Oui,Non
8174,1961,7934,Oui,Non
8175,2056,8485,Oui,Non
8176,1896,8732,Oui,Non
8177,1056,8166,Oui,Non
8178,2167,8022,Oui,Non
8179,1668,8905,Oui,Non
8180,1023,8620,Oui,Non
8181,1599,7569,Non,Oui
8182,1909,8443,Non,Non
8183,1819,7322,Oui,Non
8184,1056,8406,Non,Non
8185,1905,8254,Oui,Non
8186,1373,8413,Oui,Non
8187,1303,7919,Non,Oui
8188,1708,7594,Oui,Non
8189,1033,7682,Oui,Non
8190,1161,8512,Oui,Non
8191,2024,7248,Oui,Non
8192,1906,7655,Oui,Non
8193,2129,8721,Oui,Non
8194,1906,7338,Oui,Non
8195,1647,8134,Oui,Non
8196,2133,7943,Oui,Non
8197,2037,8375,Oui,Non
8198,1015,8014,Oui,Non
8199,1646,8567,Oui,Non
8200,2128,8652,Oui,Non
8201,1401,8519,Oui,Non
8202,1978,7291,Oui,Non
8203,1445,8783,Oui,Non
8204,1760,7069,Oui,Non
8205,1050,7716,Oui,Non
8206,1389,8746,Oui,Non
8207,1851,7919,Oui,Non
8208,1264,8096,Oui,Non
8209,1795,8122,Oui,Non
8210,1922,8601,Oui,Non
8211,1376,7991,Oui,Non
8212,1684,7460,Non,Non
8213,2141,8579,Oui,Non
8214,1592,8967,Oui,Non
8215,1350,7636,Oui,Non
8216,1969,7212,Oui,Non
8217,1006,8784,Oui,Non
8218,2160,7073,Non,Non
8219,2087,7442,Non,Non
8220,2146,7535,Oui,Non
8221,2028,7419,Oui,Non
8222,2057,8903,Non,Oui
8223,1908,7332,Oui,Non
8224,1809,7872,Oui,Non
8225,1848,7095,Oui,Non
8226,1761,8913,Non,Oui
8227,1729,7920,Oui,Non
8228,1670,7596,Oui,Non
8229,1007,7653,Oui,Non
8230,1906,7986,Non,Non
8231,1025,7602,Non,Oui
8232,1673,8410,Oui,Non
8233,2029,8123,Non,Non
8234,2108,8868,Oui,Non
8235,1667,8083,Oui,Non
8236,1433,7702,Oui,Non
8237,1598,8549,Oui,Non
8238,1968,8289,Oui,Non
8239,2079,7044,Oui,Non
8240,1234,7034,Oui,Non
8241,1176,7758,Oui,Non
8242,1957,8506,Oui,Non
8243,2188,7502,Non,Non
8244,1777,7029,Oui,Non
8245,1244,7877,Oui,Non
8246,1235,7177,Oui,Non
8247,1752,8290,Oui,Non
8248,1895,7183,Oui,Non
8249,1583,7035,Oui,Non
8250,1903,8359,Oui,Non
8251,1093,7087,Oui,Non
8252,1639,7688,Oui,Non
8253,1070,8944,Oui,Non
8254,1283,7267,Oui,Non
8255,1048,7832,Oui,Non
8256,1077,8899,Non,Non
8257,1636,8244,Oui,Non
8258,1496,7681,Oui,Non
8259,1714,8514,Oui,Non
8260,2037,8937,Oui,Non
8261,1462,8615,Oui,Non
8262,1433,8152,Oui,Non
8263,1600,7998,Oui,Non
8264,1338,7624,Oui,Non
8265,2045,8877,Oui,Non
8266,1993,7079,Oui,Non
8267,1453,7483,Oui,Non
8268,1608,8785,Oui,Non
8269,1377,7534,Oui,Non
8270,1834,7823,Oui,Non
8271,1073,8578,Oui,Non
8272,1072,7533,Oui,Non
8273,2124,7038,Oui,Non
8274,2127,8778,Oui,Non
8275,1855,8016,Oui,Non
8276,1648,7214,Oui,Non
8277,2179,7772,Oui,Non
8278,1897,7105,Oui,Non
8279,2029,8936,Oui,Non
8280,1151,8020,Oui,Non
8281,2027,8984,Non,Non
8282,1816,8986,Oui,Non
8283,2093,8866,Oui,Non
8284,1457,8830,Oui,Non
8285,2118,7603,Oui,Non
8286,1223,8392,Oui,Non
8287,1197,7748,Oui,Non
8288,1781,7517,Oui,Non
8289,1838,7789,Oui,Non
8290,1475,7229,Non,Oui
8291,1716,7449,Oui,Non
8292,1261,7904,Oui,Non
8293,2026,7927,Oui,Non
8294,1332,8612,Oui,Non
8295,2197,7727,Oui,Non
8296,2197,8929,Non,Non
8297,1574,7746,Oui,Non
8298,1123,8293,Oui,Non
8299,2036,8264,Oui,Non
8300,1246,7955,Oui,Non
8301,1184,8554,Non,Non
8302,2016,7193,Oui,Non
8303,1569,7354,Non,Oui
8304,1169,7543,Oui,Non
8305,1918,7180,Non,Non
8306,1543,7538,Non,Oui
8307,1758,7380,Oui,Non
8308,1582,8984,Oui,Non
8309,2025,8516,Oui,Non
8310,1849,8513,Oui,Non
8311,1756,7527,Oui,Non
8312,2175,8635,Oui,Non
8313,1949,8143,Non,Non
8314,2037,7994,Oui,Non
8315,1388,8661,Non,Oui
8316,1394,7910,Oui,Non
8317,1804,8907,Oui,Non
8318,1338,7640,Oui,Non
8319,1854,7005,Non,Non
8320,1996,7577,Oui,Non
8321,1248,7637,Oui,Non
8322,1554,7007,Oui,Non
8323,1892,8421,Oui,Non
8324,1722,7392,Oui,Non
8325,1667,7724,Oui,Non
8326,1177,8141,Oui,Non
8327,1882,8475,Oui,Non
8328,1181,7426,Oui,Non
8329,1252,8768,Oui,Non
8330,1706,7149,Oui,Non
8331,1721,7560,Non,Non
8332,1742,8583,Non,Non
8333,1986,7695,Oui,Non
8334,1824,8849,Oui,Non
8335,1127,8046,Oui,Non
8336,2077,8890,Non,Non
8337,1028,7899,Oui,Non
8338,1148,7310,Oui,Non
8339,1421,7629,Oui,Non
8340,1378,8345,Oui,Non
8341,2001,8085,Oui,Non
8342,1509,7311,Non,Non
8343,1325,7925,Oui,Non
8344,1317,8799,Oui,Non
8345,1920,7916,Oui,Non
8346,1597,7890,Non,Oui
8347,2038,8626,Non,Oui
8348,1254,8190,Oui,Non
8349,1600,8562,Oui,Non
8350,1915,8312,Oui,Non
8351,1603,8196,Oui,Non
8352,2178,7593,Oui,Non
8353,1398,8613,Oui,Non
8354,1855,8002,Oui,Non
8355,2014,7322,Oui,Non
8356,1826,7838,Non,Non
8357,1010,8864,Oui,Non
8358,1471,7829,Oui,Non
8359,1900,8324,Oui,Non
8360,1383,7066,Oui,Non
8361,1813,7253,Oui,Non
8362,1423,8791,Non,Non
8363,1922,8223,Oui,Non
8364,1499,7620,Oui,Non
8365,1425,8136,Oui,Non
8366,1454,7388,Oui,Non
8367,1654,8630,Oui,Non
8368,1197,8049,Non,Non
8369,1816,7825,Oui,Non
8370,1024,7323,Oui,Non
8371,1277,8102,Oui,Non
8372,1245,8785,Oui,Non
8373,2026,8083,Oui,Non
8374,1749,8956,Non,Non
8375,1226,7725,Oui,Non
8376,1494,8154,Oui,Non
8377,1194,7737,Oui,Non
8378,1533,8658,Oui,Non
8379,1651,8188,Oui,Non
8380,1774,8587,Non,Oui
8381,2025,7861,Oui,Non
8382,1779,7724,Non,Oui
8383,1814,7078,Oui,Non
8384,1358,8659,Non,Oui
8385,2013,8131,Oui,Non
8386,1270,7297,Oui,Non
8387,1215,8308,Non,Non
8388,1300,8780,Oui,Non
8389,1204,8931,Non,Oui
8390,1502,7691,Oui,Non
8391,1852,7257,Oui,Non
8392,2085,7593,Oui,Non
8393,1662,8775,Oui,Non
8394,2192,8017,Oui,Non
8395,1279,8453,Non,Oui
8396,2073,7132,Oui,Non
8397,1979,8316,Oui,Non
8398,1866,8088,Oui,Non
8399,1767,7102,Oui,Non
8400,2132,7191,Non,Oui
8401,2142,8905,Oui,Non
8402,1233,7596,Non,Non
8403,1463,7965,Oui,Non
8404,1929,7170,Non,Oui
8405,2185,7037,Non,Non
8406,1021,8235,Oui,Non
8407,1107,7699,Non,Oui
8408,1802,7363,Non,Non
8409,1082,7988,Oui,Non
8410,1364,8336,Oui,Non
8411,2052,8691,Non,Oui
8412,1920,8278,Oui,Non
8413,2095,8727,Oui,Non
8414,1352,7130,Oui,Non
8415,1946,7468,Oui,Non
8416,1677,8924,Oui,Non
8417,1425,7355,Oui,Non
8418,1929,8374,Oui,Non
8419,1672,7525,Oui,Non
8420,1608,8214,Oui,Non
8421,1510,8128,Oui,Non
8422,1606,8003,Oui,Non
8423,1754,7598,Oui,Non
8424,1175,8037,Oui,Non
8425,1638,7740,Oui,Non
8426,1931,8119,Oui,Non
8427,1974,8668,Oui,Non
8428,2176,7356,Oui,Non
8429,1553,8544,Oui,Non
8430,1819,7842,Oui,Non
8431,1496,7980,Non,Non
8432,1749,8328,Non,Oui
8433,1689,8115,Oui,Non
8434,2010,7740,Oui,Non
8435,2024,8532,Oui,Non
8436,1065,8264,Oui,Non
8437,1386,7237,Oui,Non
8438,1297,7195,Oui,Non
8439,1160,8626,Oui,Non
8440,1743,8204,Oui,Non
8441,1005,7580,Oui,Non
8442,1485,7226,Oui,Non
8443,1862,8190,Non,Oui
8444,1038,7237,Oui,Non
8445,1640,7831,Oui,Non
8446,1410,8887,Oui,Non
8447,1015,8740,Non,Oui
8448,1357,8658,Non,Oui
8449,2162,7425,Non,Oui
8450,1795,8523,Oui,Non
8451,1792,7817,Oui,Non
8452,1240,7777,Non,Oui
8453,1108,8852,Oui,Non
8454,1320,7390,Oui,Non
8455,1131,7974,Oui,Non
8456,1920,7248,Oui,Non
8457,2193,7605,Oui,Non
8458,1513,7095,Oui,Non
8459,1226,8237,Oui,Non
8460,2173,7742,Oui,Non
8461,1151,8225,Oui,Non
8462,1682,7846,Non,Oui
8463,1477,8306,Oui,Non
8464,1855,7463,Oui,Non
8465,1756,7179,Oui,Non
8466,1886,7489,Oui,Non
8467,1541,7225,Oui,Non
8468,1058,7308,Oui,Non
8469,2080,8605,Oui,Non
8470,1981,7201,Oui,Non
8471,1849,7669,Oui,Non
8472,1045,7346,Oui,Non
8473,1344,8981,Oui,Non
8474,1913,7902,Oui,Non
8475,1167,8361,Oui,Non
8476,1090,7753,Oui,Non
8477,2021,7691,Oui,Non
8478,1264,8461,Oui,Non
8479,2011,8422,Oui,Non
8480,1713,7335,Oui,Non
8481,1250,7647,Oui,Non
8482,2071,8279,Oui,Non
8483,2074,8219,Oui,Non
8484,2135,8766,Non,Oui
8485,1978,8989,Oui,Non
8486,1233,7192,Oui,Non
8487,1333,8482,Oui,Non
8488,1322,7600,Oui,Non
8489,2026,7639,Oui,Non
8490,1853,7901,Non,Non
8491,1418,7909,Oui,Non
8492,1963,8835,Oui,Non
8493,1190,8175,Non,Non
8494,1840,7824,Non,Oui
8495,1636,8853,Oui,Non
8496,2112,7721,Non,Non
8497,1011,7394,Oui,Non
8498,1251,8331,Oui,Non
8499,2010,7826,Non,Oui
8500,1060,7793,Non,Oui
