id_enquete,id_etudiant,id_professeur,id_module,annee_universitaire,score_clarte,poids_clarte,score_disponibilite,poids_disponibilite,score_pedagogie,poids_pedagogie,score_equite,poids_equite,score_admin,score_vie_etudiante,score_charge,score_finances,score_global,nps,sum_poids,score_prof_pondere
9001,1167,401,312,2023-2024,3,0.3,2,0.2,3,0.3,1,0.2,3,3,4,4,2.4,4,1,2.4
9002,1743,459,357,2021-2022,4,0.3,3,0.2,4,0.3,4,0.2,2,5,4,4,3.8,4,1,3.8
9003,1888,467,321,2024-2025,1,0.3,1,0.2,3,0.3,1,0.2,1,2,2,2,1.6,0,1,1.6
9004,1241,440,345,2023-2024,5,0.3,3,0.2,4,0.3,2,0.2,1,4,1,4,3.7,5,1,3.7
9005,1660,427,350,2022-2023,2,0.3,4,0.2,2,0.3,1,0.2,2,5,5,1,2.2,7,1,2.2
9006,2186,426,304,2024-2025,5,0.3,1,0.2,4,0.3,2,0.2,4,1,3,1,3.3,7,1,3.3
9007,1250,451,339,2020-2021,1,0.3,1,0.2,4,0.3,4,0.2,2,4,4,1,2.5,5,1,2.5
9008,1245,459,343,2024-2025,5,0.3,1,0.2,3,0.3,1,0.2,4,4,5,4,2.8,10,1,2.8
9009,1584,453,329,2020-2021,2,0.3,1,0.2,5,0.3,5,0.2,5,5,4,1,3.3,8,1,3.3
9010,1142,420,310,2024-2025,4,0.3,3,0.2,5,0.3,4,0.2,5,2,1,5,4.1,10,1,4.1
9011,1961,458,355,2024-2025,4,0.3,5,0.2,5,0.3,3,0.2,5,5,5,2,4.3,4,1,4.300000000000001
9012,1826,468,348,2023-2024,2,0.3,4,0.2,3,0.3,5,0.2,5,4,2,4,3.3,4,1,3.3
9013,1074,473,346,2023-2024,5,0.3,2,0.2,2,0.3,1,0.2,1,3,3,4,2.7,5,1,2.7
9014,1399,428,325,2023-2024,5,0.3,3,0.2,1,0.3,1,0.2,2,1,1,3,2.6,6,1,2.6
9015,1037,469,311,2024-2025,4,0.3,5,0.2,1,0.3,3,0.2,2,3,4,3,3.1,9,1,3.1
9016,1861,442,304,2024-2025,1,0.3,2,0.2,4,0.3,1,0.2,3,2,2,1,2.1,5,1,2.1
9017,2104,411,351,2021-2022,5,0.3,4,0.2,2,0.3,4,0.2,1,5,1,3,3.7,1,1,3.7
9018,2189,403,302,2022-2023,5,0.3,1,0.2,2,0.3,4,0.2,4,5,1,3,3.1,6,1,3.1
9019,1123,445,344,2024-2025,3,0.3,3,0.2,5,0.3,3,0.2,1,3,1,5,3.6,3,1,3.6
9020,2147,473,357,2020-2021,5,0.3,3,0.2,2,0.3,4,0.2,1,5,2,4,3.5,8,1,3.5
9021,2026,455,344,2020-2021,5,0.3,1,0.2,1,0.3,5,0.2,4,5,1,3,3.0,4,1,3.0
9022,1197,414,331,2023-2024,1,0.3,4,0.2,4,0.3,4,0.2,2,5,3,2,3.1,0,1,3.1
9023,1062,444,348,2024-2025,4,0.3,4,0.2,1,0.3,5,0.2,3,5,2,3,3.3,10,1,3.3
9024,1993,476,345,2022-2023,1,0.3,3,0.2,5,0.3,4,0.2,4,2,3,1,3.2,0,1,3.2
9025,1749,409,348,2024-2025,2,0.3,1,0.2,2,0.3,1,0.2,4,1,4,3,1.6,9,1,1.6
9026,1312,440,340,2022-2023,5,0.3,5,0.2,4,0.3,2,0.2,4,4,3,1,4.1,9,1,4.100000000000001
9027,1434,424,324,2020-2021,3,0.3,5,0.2,3,0.3,5,0.2,5,5,1,1,3.8,0,1,3.8
9028,1538,480,354,2021-2022,2,0.3,4,0.2,2,0.3,2,0.2,2,4,4,4,2.4,0,1,2.4
9029,1339,455,333,2021-2022,5,0.3,3,0.2,5,0.3,3,0.2,2,5,3,3,4.2,4,1,4.2
9030,1373,412,316,2024-2025,2,0.3,3,0.2,3,0.3,5,0.2,1,1,1,3,3.1,10,1,3.1
9031,1567,413,344,2022-2023,3,0.3,4,0.2,4,0.3,5,0.2,1,2,5,5,3.9,5,1,3.9
9032,1964,447,301,2024-2025,3,0.3,2,0.2,2,0.3,2,0.2,2,5,4,2,2.3,1,1,2.3
9033,1307,429,310,2022-2023,4,0.3,3,0.2,2,0.3,3,0.2,2,3,2,1,3.0,3,1,3.0
9034,1886,442,328,2021-2022,5,0.3,3,0.2,4,0.3,5,0.2,5,1,4,2,4.3,3,1,4.3
9035,1531,442,350,2022-2023,3,0.3,1,0.2,1,0.3,4,0.2,5,1,3,5,2.2,2,1,2.2
9036,2109,421,334,2023-2024,5,0.3,3,0.2,1,0.3,4,0.2,2,3,3,5,3.2,7,1,3.2
9037,1048,455,357,2021-2022,2,0.3,5,0.2,2,0.3,4,0.2,3,5,4,2,3.0,6,1,3.0
9038,1722,469,309,2021-2022,1,0.3,5,0.2,1,0.3,3,0.2,4,2,2,1,2.2,6,1,2.2
9039,1173,448,313,2021-2022,4,0.3,3,0.2,1,0.3,1,0.2,4,1,2,3,2.3,1,1,2.3
9040,1778,470,333,2023-2024,3,0.3,4,0.2,4,0.3,3,0.2,2,4,1,2,3.5,7,1,3.5
9041,1017,468,302,2022-2023,5,0.3,5,0.2,5,0.3,4,0.2,2,5,2,5,4.8,9,1,4.8
9042,1457,479,325,2022-2023,5,0.3,1,0.2,2,0.3,2,0.2,4,3,2,4,2.7,6,1,2.7
9043,1325,442,360,2023-2024,3,0.3,3,0.2,3,0.3,1,0.2,2,2,2,1,2.6,8,1,2.6
9044,1551,417,338,2024-2025,2,0.3,3,0.2,4,0.3,3,0.2,4,1,2,5,3.0,0,1,3.0
9045,1091,456,337,2024-2025,4,0.3,1,0.2,5,0.3,4,0.2,2,5,5,3,3.7,5,1,3.7
9046,1409,467,347,2021-2022,1,0.3,1,0.2,4,0.3,5,0.2,5,2,1,4,2.7,2,1,2.7
9047,1627,424,332,2024-2025,5,0.3,5,0.2,4,0.3,1,0.2,3,4,1,1,3.9,3,1,3.9
9048,1772,477,322,2023-2024,4,0.3,2,0.2,1,0.3,3,0.2,2,3,1,5,2.5,6,1,2.5
9049,1439,441,311,2024-2025,5,0.3,3,0.2,1,0.3,2,0.2,5,5,5,5,2.8,10,1,2.8
9050,1786,404,334,2020-2021,1,0.3,5,0.2,5,0.3,5,0.2,1,1,4,1,3.8,4,1,3.8
9051,1053,432,350,2023-2024,5,0.3,2,0.2,2,0.3,4,0.2,5,1,5,3,3.3,8,1,3.3
9052,1429,463,309,2020-2021,5,0.3,3,0.2,3,0.3,3,0.2,2,2,4,4,3.6,7,1,3.6
9053,1149,476,305,2024-2025,4,0.3,2,0.2,5,0.3,2,0.2,1,3,2,5,3.5,4,1,3.5
9054,2168,463,322,2023-2024,2,0.3,1,0.2,5,0.3,4,0.2,5,3,2,1,3.1,8,1,3.1
9055,2077,461,318,2023-2024,1,0.3,5,0.2,1,0.3,1,0.2,2,5,1,2,1.8,1,1,1.8
9056,1903,440,325,2020-2021,1,0.3,2,0.2,4,0.3,3,0.2,2,1,2,2,2.5,1,1,2.5
9057,1233,458,351,2020-2021,2,0.3,1,0.2,4,0.3,5,0.2,3,2,2,2,3.0,7,1,3.0
9058,1189,411,335,2022-2023,3,0.3,5,0.2,5,0.3,5,0.2,5,2,1,4,4.4,3,1,4.4
9059,1705,417,356,2023-2024,1,0.3,3,0.2,1,0.3,4,0.2,2,4,1,5,2.0,9,1,2.0
9060,1462,413,360,2020-2021,1,0.3,1,0.2,5,0.3,3,0.2,1,1,4,5,2.6,10,1,2.6
9061,1813,422,310,2021-2022,2,0.3,3,0.2,1,0.3,2,0.2,5,1,1,2,1.9,10,1,1.9
9062,2159,472,357,2020-2021,4,0.3,1,0.2,2,0.3,1,0.2,5,3,1,1,2.2,4,1,2.2
9063,1484,452,303,2023-2024,4,0.3,5,0.2,4,0.3,1,0.2,4,2,4,2,3.6,0,1,3.600000000000001
9064,2130,401,328,2021-2022,3,0.3,3,0.2,1,0.3,5,0.2,3,2,2,2,2.8,5,1,2.8
9065,1863,417,321,2020-2021,1,0.3,1,0.2,4,0.3,2,0.2,1,3,5,3,2.1,6,1,2.1
9066,1744,410,352,2022-2023,1,0.3,4,0.2,2,0.3,1,0.2,1,2,2,2,1.9,0,1,1.9
9067,1113,476,354,2021-2022,5,0.3,4,0.2,4,0.3,2,0.2,3,1,4,3,3.9,1,1,3.9
9068,1850,444,316,2021-2022,2,0.3,3,0.2,5,0.3,4,0.2,5,1,2,4,3.5,3,1,3.5
9069,1411,429,339,2020-2021,5,0.3,3,0.2,4,0.3,3,0.2,5,3,5,1,3.9,0,1,3.9
9070,1803,419,344,2023-2024,1,0.3,5,0.2,3,0.3,1,0.2,4,3,1,1,2.4,4,1,2.4
9071,1549,451,324,2020-2021,4,0.3,5,0.2,2,0.3,1,0.2,1,2,5,3,3.0,10,1,3.0
9072,1796,437,342,2021-2022,3,0.3,3,0.2,5,0.3,3,0.2,1,1,5,1,3.6,10,1,3.6
9073,1347,401,307,2023-2024,5,0.3,1,0.2,2,0.3,2,0.2,3,1,5,5,2.7,8,1,2.7
9074,1230,463,350,2022-2023,5,0.3,1,0.2,4,0.3,1,0.2,1,4,3,1,3.1,9,1,3.1
9075,1726,403,318,2023-2024,2,0.3,4,0.2,4,0.3,4,0.2,1,4,2,2,3.4,10,1,3.399999999999999
9076,1884,445,328,2024-2025,5,0.3,3,0.2,2,0.3,5,0.2,5,4,2,1,3.7,2,1,3.7
9077,1165,404,354,2021-2022,1,0.3,3,0.2,5,0.3,4,0.2,4,3,2,3,3.2,7,1,3.2
9078,1597,419,347,2023-2024,4,0.3,3,0.2,1,0.3,3,0.2,1,5,4,3,2.7,5,1,2.7
9079,2189,448,323,2020-2021,2,0.3,1,0.2,3,0.3,3,0.2,5,1,1,2,2.3,10,1,2.3
9080,1717,440,331,2021-2022,5,0.3,1,0.2,4,0.3,5,0.2,3,4,3,2,3.9,7,1,3.9
9081,1846,412,303,2024-2025,2,0.3,5,0.2,3,0.3,2,0.2,1,5,5,2,2.9,4,1,2.9
9082,1541,456,343,2022-2023,3,0.3,1,0.2,5,0.3,1,0.2,4,1,2,2,2.8,6,1,2.8
9083,2008,408,351,2023-2024,1,0.3,4,0.2,3,0.3,1,0.2,1,2,2,3,2.2,2,1,2.2
9084,1386,433,348,2020-2021,3,0.3,3,0.2,2,0.3,1,0.2,4,4,2,2,2.3,8,1,2.3
9085,1142,463,324,2022-2023,1,0.3,5,0.2,3,0.3,3,0.2,1,1,4,2,2.8,7,1,2.8
9086,1550,471,311,2024-2025,5,0.3,1,0.2,3,0.3,5,0.2,1,4,2,5,3.6,3,1,3.6
9087,1212,404,349,2024-2025,2,0.3,5,0.2,4,0.3,5,0.2,2,5,4,3,3.8,6,1,3.8
9088,1584,450,318,2023-2024,1,0.3,2,0.2,1,0.3,4,0.2,4,4,3,4,1.8,8,1,1.8
9089,1098,472,317,2022-2023,3,0.3,4,0.2,2,0.3,3,0.2,1,1,3,2,2.9,9,1,2.9
9090,1960,402,357,2024-2025,5,0.3,5,0.2,2,0.3,3,0.2,5,2,5,4,3.7,1,1,3.7
9091,1686,414,317,2021-2022,1,0.3,2,0.2,5,0.3,3,0.2,5,2,3,3,2.8,2,1,2.8
9092,1839,444,354,2024-2025,1,0.3,2,0.2,2,0.3,5,0.2,1,5,1,5,2.3,8,1,2.3
9093,1421,478,350,2020-2021,1,0.3,3,0.2,2,0.3,5,0.2,3,2,1,4,2.5,7,1,2.5
9094,1109,430,336,2024-2025,2,0.3,1,0.2,5,0.3,2,0.2,3,1,1,4,2.7,10,1,2.7
9095,1292,409,338,2020-2021,4,0.3,4,0.2,4,0.3,5,0.2,1,3,1,4,4.2,1,1,4.2
9096,1725,463,319,2022-2023,5,0.3,4,0.2,1,0.3,5,0.2,3,3,1,4,3.6,9,1,3.6
9097,1932,456,331,2021-2022,1,0.3,3,0.2,2,0.3,5,0.2,5,3,2,1,2.5,10,1,2.5
9098,1870,478,321,2024-2025,3,0.3,3,0.2,4,0.3,4,0.2,4,5,2,5,3.5,6,1,3.5
9099,1975,428,311,2022-2023,2,0.3,4,0.2,2,0.3,2,0.2,2,4,1,2,2.4,10,1,2.4
9100,1669,453,326,2022-2023,5,0.3,1,0.2,5,0.3,1,0.2,1,3,1,2,3.4,4,1,3.4
9101,2062,430,310,2024-2025,2,0.3,1,0.2,4,0.3,4,0.2,5,4,4,5,2.8,1,1,2.8
9102,2195,414,331,2020-2021,4,0.3,1,0.2,3,0.3,1,0.2,2,3,2,2,2.5,6,1,2.5
9103,1948,432,335,2020-2021,2,0.3,4,0.2,3,0.3,2,0.2,1,2,1,5,2.7,4,1,2.7
9104,1706,462,346,2020-2021,2,0.3,3,0.2,1,0.3,2,0.2,4,5,2,4,1.9,1,1,1.9
9105,1782,422,302,2023-2024,1,0.3,1,0.2,3,0.3,4,0.2,2,3,4,5,2.2,7,1,2.2
9106,1575,442,360,2022-2023,2,0.3,3,0.2,3,0.3,1,0.2,4,3,4,2,2.3,1,1,2.3
9107,1670,476,312,2023-2024,1,0.3,4,0.2,5,0.3,5,0.2,4,2,4,1,3.6,0,1,3.6
9108,1458,471,313,2020-2021,5,0.3,5,0.2,5,0.3,3,0.2,1,3,5,3,4.6,7,1,4.6
9109,1888,402,334,2024-2025,5,0.3,1,0.2,4,0.3,3,0.2,1,3,1,5,3.5,10,1,3.5
9110,1583,452,352,2021-2022,5,0.3,1,0.2,2,0.3,3,0.2,5,5,2,4,2.9,1,1,2.9
9111,1070,470,330,2021-2022,4,0.3,2,0.2,3,0.3,4,0.2,4,2,1,3,3.3,9,1,3.3
9112,1390,458,359,2021-2022,2,0.3,1,0.2,5,0.3,1,0.2,2,5,2,5,2.5,0,1,2.5
9113,1007,468,351,2021-2022,3,0.3,3,0.2,1,0.3,2,0.2,3,5,1,1,2.2,6,1,2.2
9114,2190,424,347,2023-2024,3,0.3,4,0.2,4,0.3,3,0.2,2,5,4,5,3.5,1,1,3.5
9115,1331,463,352,2024-2025,2,0.3,2,0.2,4,0.3,2,0.2,1,5,1,3,2.6,5,1,2.6
9116,2032,469,316,2020-2021,2,0.3,5,0.2,2,0.3,3,0.2,2,1,2,4,2.8,7,1,2.8
9117,1501,465,320,2020-2021,1,0.3,4,0.2,1,0.3,2,0.2,4,5,4,4,1.8,0,1,1.8
9118,1030,461,311,2023-2024,2,0.3,5,0.2,4,0.3,3,0.2,3,5,5,1,3.4,0,1,3.4
9119,1181,454,331,2024-2025,3,0.3,1,0.2,2,0.3,5,0.2,1,2,5,5,2.7,10,1,2.7
9120,2107,443,358,2024-2025,2,0.3,4,0.2,5,0.3,2,0.2,2,1,5,2,3.3,2,1,3.3
9121,1872,474,323,2021-2022,4,0.3,5,0.2,1,0.3,3,0.2,5,3,2,4,3.1,9,1,3.1
9122,1088,457,311,2022-2023,5,0.3,2,0.2,2,0.3,2,0.2,5,4,1,1,2.9,5,1,2.9
9123,1797,464,336,2020-2021,4,0.3,2,0.2,2,0.3,1,0.2,1,5,3,4,2.4,7,1,2.4
9124,1309,472,357,2020-2021,1,0.3,1,0.2,3,0.3,1,0.2,3,3,4,1,1.6,2,1,1.6
9125,1263,437,336,2023-2024,1,0.3,5,0.2,2,0.3,4,0.2,3,5,3,4,2.7,2,1,2.7
9126,1872,409,331,2021-2022,2,0.3,4,0.2,5,0.3,5,0.2,2,4,4,4,3.9,0,1,3.9
9127,1136,431,327,2024-2025,4,0.3,2,0.2,5,0.3,3,0.2,5,5,1,4,3.7,5,1,3.7
9128,2124,433,342,2021-2022,4,0.3,3,0.2,1,0.3,4,0.2,4,4,2,2,2.9,7,1,2.9
9129,1558,446,315,2022-2023,3,0.3,4,0.2,1,0.3,5,0.2,4,4,4,4,3.0,8,1,3.0
9130,1567,444,333,2021-2022,3,0.3,5,0.2,2,0.3,5,0.2,4,1,5,5,3.5,3,1,3.5
9131,2159,422,313,2024-2025,4,0.3,3,0.2,3,0.3,5,0.2,4,1,3,2,3.7,4,1,3.7
9132,1720,450,332,2020-2021,3,0.3,3,0.2,1,0.3,2,0.2,2,1,4,5,2.2,2,1,2.2
9133,2120,410,359,2023-2024,5,0.3,3,0.2,5,0.3,5,0.2,1,1,2,4,4.6,6,1,4.6
9134,1006,429,354,2024-2025,2,0.3,2,0.2,5,0.3,3,0.2,1,3,2,4,3.1,4,1,3.1
9135,2125,402,333,2023-2024,1,0.3,2,0.2,4,0.3,5,0.2,3,3,1,1,2.9,8,1,2.9
9136,1948,401,356,2023-2024,4,0.3,1,0.2,5,0.3,5,0.2,5,2,5,2,3.9,10,1,3.9
9137,1623,405,311,2023-2024,1,0.3,2,0.2,2,0.3,5,0.2,3,5,3,2,2.3,5,1,2.3
9138,1919,447,324,2022-2023,1,0.3,1,0.2,4,0.3,3,0.2,4,3,5,4,2.3,3,1,2.3
9139,2015,401,351,2022-2023,2,0.3,5,0.2,1,0.3,1,0.2,4,1,3,3,2.1,7,1,2.1
9140,1105,474,326,2020-2021,2,0.3,5,0.2,3,0.3,1,0.2,1,4,4,1,2.7,6,1,2.7
9141,1903,449,326,2020-2021,1,0.3,3,0.2,2,0.3,1,0.2,2,3,3,3,1.7,6,1,1.7
9142,2046,411,319,2021-2022,5,0.3,4,0.2,5,0.3,1,0.2,2,4,5,4,4.0,5,1,4.0
9143,1806,403,325,2024-2025,4,0.3,3,0.2,3,0.3,3,0.2,2,3,2,4,3.3,0,1,3.3
9144,2120,421,353,2022-2023,3,0.3,2,0.2,2,0.3,5,0.2,5,5,4,5,2.9,6,1,2.9
9145,2053,460,349,2022-2023,4,0.3,1,0.2,5,0.3,1,0.2,5,5,1,3,3.1,1,1,3.1
9146,1457,440,334,2023-2024,3,0.3,1,0.2,2,0.3,4,0.2,3,3,1,2,2.5,6,1,2.5
9147,1116,422,311,2024-2025,1,0.3,5,0.2,2,0.3,4,0.2,2,1,5,3,2.7,4,1,2.7
9148,1405,436,355,2022-2023,2,0.3,1,0.2,2,0.3,1,0.2,3,4,5,5,1.6,9,1,1.6
9149,1702,452,325,2024-2025,1,0.3,1,0.2,4,0.3,2,0.2,4,2,2,1,2.1,6,1,2.1
9150,2080,426,329,2020-2021,2,0.3,4,0.2,3,0.3,4,0.2,3,1,1,3,3.1,1,1,3.1
9151,1990,449,332,2024-2025,2,0.3,4,0.2,4,0.3,4,0.2,3,5,2,2,3.4,2,1,3.399999999999999
9152,1447,460,306,2024-2025,3,0.3,5,0.2,4,0.3,4,0.2,4,4,3,3,3.9,7,1,3.899999999999999
9153,1627,443,317,2020-2021,5,0.3,1,0.2,2,0.3,1,0.2,2,5,5,3,2.5,4,1,2.5
9154,1773,476,329,2023-2024,2,0.3,5,0.2,5,0.3,2,0.2,5,3,1,2,3.5,10,1,3.5
9155,2119,467,328,2024-2025,4,0.3,4,0.2,4,0.3,3,0.2,5,5,4,5,3.8,0,1,3.8
9156,1476,473,359,2020-2021,5,0.3,4,0.2,5,0.3,4,0.2,3,1,5,2,4.6,5,1,4.6
9157,1109,437,351,2022-2023,5,0.3,1,0.2,5,0.3,3,0.2,3,4,3,2,3.8,7,1,3.8
9158,1615,435,322,2021-2022,1,0.3,4,0.2,2,0.3,3,0.2,4,5,4,1,2.3,0,1,2.3
9159,1335,471,331,2022-2023,5,0.3,3,0.2,3,0.3,4,0.2,1,4,3,1,3.8,9,1,3.8
9160,1782,401,316,2023-2024,2,0.3,5,0.2,1,0.3,3,0.2,5,2,5,1,2.5,3,1,2.5
9161,1236,403,336,2022-2023,3,0.3,4,0.2,5,0.3,5,0.2,5,4,4,4,4.2,0,1,4.2
9162,1392,474,342,2024-2025,4,0.3,3,0.2,1,0.3,1,0.2,2,5,2,3,2.3,6,1,2.3
9163,1808,432,306,2023-2024,4,0.3,5,0.2,4,0.3,3,0.2,4,1,5,4,4.0,2,1,4.0
9164,1843,409,326,2021-2022,4,0.3,4,0.2,4,0.3,5,0.2,2,5,4,2,4.2,8,1,4.2
9165,1292,453,309,2022-2023,1,0.3,2,0.2,1,0.3,2,0.2,5,5,4,3,1.4,0,1,1.4
9166,1751,436,337,2023-2024,5,0.3,3,0.2,4,0.3,4,0.2,4,1,3,2,4.1,6,1,4.1
9167,2154,444,319,2020-2021,3,0.3,3,0.2,2,0.3,3,0.2,2,1,4,4,2.7,2,1,2.7
9168,1362,468,340,2021-2022,1,0.3,5,0.2,1,0.3,1,0.2,3,5,2,5,1.8,0,1,1.8
9169,1728,432,355,2023-2024,1,0.3,5,0.2,2,0.3,1,0.2,3,1,3,3,2.1,6,1,2.1
9170,1081,405,360,2020-2021,5,0.3,4,0.2,5,0.3,4,0.2,5,2,2,2,4.6,1,1,4.6
9171,1558,416,360,2022-2023,3,0.3,2,0.2,3,0.3,1,0.2,4,3,5,3,2.4,2,1,2.4
9172,1191,423,331,2023-2024,4,0.3,4,0.2,5,0.3,4,0.2,5,2,2,2,4.3,3,1,4.3
9173,1317,403,306,2024-2025,3,0.3,4,0.2,5,0.3,3,0.2,3,3,3,4,3.8,6,1,3.8
9174,2179,447,304,2023-2024,4,0.3,1,0.2,4,0.3,2,0.2,3,1,1,2,3.0,1,1,3.0
9175,1504,424,341,2023-2024,5,0.3,3,0.2,1,0.3,4,0.2,3,2,2,3,3.2,10,1,3.2
9176,1880,409,309,2020-2021,4,0.3,3,0.2,3,0.3,3,0.2,2,5,3,4,3.3,7,1,3.3
9177,1107,410,356,2024-2025,2,0.3,4,0.2,3,0.3,3,0.2,5,5,2,5,2.9,9,1,2.9
9178,1435,444,357,2022-2023,1,0.3,3,0.2,2,0.3,3,0.2,2,3,4,2,2.1,8,1,2.1
9179,1174,432,351,2024-2025,4,0.3,1,0.2,4,0.3,5,0.2,3,4,3,1,3.6,3,1,3.6
9180,1181,465,356,2022-2023,3,0.3,1,0.2,4,0.3,3,0.2,1,3,5,2,2.9,10,1,2.9
9181,1552,454,346,2022-2023,3,0.3,1,0.2,3,0.3,3,0.2,1,2,1,4,2.6,9,1,2.6
9182,1715,476,330,2021-2022,1,0.3,4,0.2,1,0.3,1,0.2,4,2,3,2,1.6,0,1,1.6
9183,1559,449,320,2021-2022,2,0.3,1,0.2,3,0.3,5,0.2,5,3,3,2,2.7,8,1,2.7
9184,1126,475,311,2021-2022,1,0.3,3,0.2,3,0.3,1,0.2,1,5,3,1,2.0,7,1,2.0
9185,1701,425,338,2020-2021,5,0.3,4,0.2,2,0.3,1,0.2,1,2,3,2,3.1,2,1,3.1
9186,1052,443,344,2022-2023,5,0.3,2,0.2,4,0.3,2,0.2,3,3,4,2,3.5,8,1,3.5
9187,1788,445,347,2023-2024,3,0.3,5,0.2,4,0.3,3,0.2,5,2,2,5,3.7,3,1,3.7
9188,1147,404,338,2022-2023,5,0.3,5,0.2,3,0.3,2,0.2,1,5,5,5,3.8,5,1,3.8
9189,1383,468,355,2020-2021,4,0.3,5,0.2,4,0.3,5,0.2,5,3,4,2,4.4,8,1,4.4
9190,1407,402,344,2020-2021,2,0.3,5,0.2,4,0.3,5,0.2,5,5,5,4,3.8,5,1,3.8
9191,1037,458,349,2022-2023,5,0.3,5,0.2,3,0.3,4,0.2,3,4,2,3,4.2,10,1,4.2
9192,1321,458,307,2024-2025,4,0.3,4,0.2,1,0.3,2,0.2,5,4,3,5,2.7,7,1,2.7
9193,1066,417,303,2023-2024,3,0.3,1,0.2,5,0.3,5,0.2,3,2,1,3,3.6,6,1,3.6
9194,1427,475,302,2023-2024,5,0.3,1,0.2,4,0.3,3,0.2,3,5,3,4,3.5,7,1,3.5
9195,1306,439,341,2022-2023,2,0.3,5,0.2,2,0.3,1,0.2,3,1,4,2,2.4,10,1,2.4
9196,2109,480,348,2020-2021,1,0.3,5,0.2,4,0.3,1,0.2,1,1,2,1,2.7,3,1,2.7
9197,1148,451,340,2022-2023,4,0.3,4,0.2,2,0.3,5,0.2,2,4,1,4,3.6,6,1,3.6
9198,1060,463,345,2024-2025,4,0.3,3,0.2,4,0.3,1,0.2,2,3,2,4,3.2,5,1,3.2
9199,2114,432,307,2021-2022,4,0.3,3,0.2,2,0.3,1,0.2,1,1,1,4,2.6,1,1,2.6
9200,1677,421,337,2020-2021,5,0.3,2,0.2,2,0.3,1,0.2,1,4,3,1,2.7,6,1,2.7
9201,2127,449,302,2022-2023,4,0.3,3,0.2,2,0.3,1,0.2,2,5,2,1,2.6,6,1,2.6
9202,1616,449,354,2022-2023,4,0.3,2,0.2,2,0.3,2,0.2,3,4,1,1,2.6,6,1,2.6
9203,1931,431,332,2023-2024,1,0.3,4,0.2,1,0.3,4,0.2,5,5,5,2,2.2,1,1,2.2
9204,1081,408,330,2021-2022,3,0.3,1,0.2,5,0.3,1,0.2,5,1,5,3,2.8,7,1,2.8
9205,1195,459,304,2022-2023,5,0.3,5,0.2,1,0.3,1,0.2,4,3,4,4,3.0,5,1,3.0
9206,1922,476,302,2021-2022,5,0.3,3,0.2,4,0.3,3,0.2,2,4,4,3,3.9,10,1,3.9
9207,1171,403,353,2024-2025,5,0.3,3,0.2,4,0.3,5,0.2,5,5,5,2,4.3,7,1,4.3
9208,1645,421,314,2020-2021,5,0.3,3,0.2,5,0.3,4,0.2,5,1,3,3,4.4,3,1,4.4
9209,1541,479,353,2024-2025,2,0.3,3,0.2,2,0.3,1,0.2,2,1,4,1,2.0,0,1,2.0
9210,1716,444,317,2023-2024,1,0.3,2,0.2,4,0.3,4,0.2,3,2,5,4,2.7,4,1,2.7
9211,1286,444,306,2020-2021,1,0.3,4,0.2,2,0.3,5,0.2,4,2,2,1,2.7,3,1,2.7
9212,1973,423,325,2021-2022,3,0.3,5,0.2,2,0.3,1,0.2,2,1,5,1,2.7,4,1,2.7
9213,1880,411,307,2021-2022,5,0.3,1,0.2,5,0.3,5,0.2,3,5,1,3,4.2,4,1,4.2
9214,1952,462,309,2020-2021,2,0.3,1,0.2,4,0.3,3,0.2,1,2,4,1,2.6,6,1,2.6
9215,2088,413,355,2023-2024,5,0.3,1,0.2,1,0.3,5,0.2,4,4,2,3,3.0,2,1,3.0
9216,1992,426,353,2023-2024,1,0.3,3,0.2,2,0.3,4,0.2,1,1,1,4,2.3,0,1,2.3
9217,1888,436,327,2022-2023,4,0.3,5,0.2,4,0.3,5,0.2,1,3,4,2,4.4,5,1,4.4
9218,2166,443,313,2023-2024,5,0.3,3,0.2,4,0.3,5,0.2,3,2,3,2,4.3,5,1,4.3
9219,2194,473,341,2023-2024,4,0.3,4,0.2,4,0.3,5,0.2,4,2,5,3,4.2,1,1,4.2
9220,1330,432,343,2023-2024,4,0.3,4,0.2,1,0.3,2,0.2,1,1,3,1,2.7,9,1,2.7
9221,1720,413,340,2024-2025,3,0.3,1,0.2,4,0.3,1,0.2,4,2,2,2,2.5,0,1,2.5
9222,1690,476,327,2020-2021,3,0.3,4,0.2,4,0.3,2,0.2,1,3,5,3,3.3,10,1,3.3
9223,1188,451,309,2024-2025,2,0.3,2,0.2,5,0.3,3,0.2,1,4,2,5,3.1,8,1,3.1
9224,1110,425,302,2024-2025,1,0.3,3,0.2,4,0.3,4,0.2,5,1,3,1,2.9,10,1,2.9
9225,1562,473,314,2023-2024,5,0.3,2,0.2,3,0.3,2,0.2,2,3,4,5,3.2,0,1,3.2
9226,1510,437,332,2021-2022,5,0.3,4,0.2,4,0.3,5,0.2,3,3,1,4,4.5,7,1,4.5
9227,2006,438,316,2020-2021,4,0.3,2,0.2,1,0.3,5,0.2,5,4,3,4,2.9,4,1,2.9
9228,1801,468,316,2022-2023,2,0.3,5,0.2,2,0.3,2,0.2,5,4,1,5,2.6,10,1,2.6
9229,1862,422,336,2024-2025,2,0.3,5,0.2,3,0.3,1,0.2,1,5,3,3,2.7,4,1,2.7
9230,1898,462,358,2021-2022,5,0.3,2,0.2,4,0.3,2,0.2,2,1,2,3,3.5,8,1,3.5
9231,1806,452,315,2022-2023,1,0.3,2,0.2,5,0.3,4,0.2,1,3,1,5,3.0,7,1,3.0
9232,1699,424,355,2021-2022,3,0.3,3,0.2,4,0.3,4,0.2,3,4,5,4,3.5,8,1,3.5
9233,1365,409,331,2022-2023,3,0.3,1,0.2,4,0.3,5,0.2,1,4,1,2,3.3,5,1,3.3
9234,1534,459,302,2022-2023,2,0.3,5,0.2,3,0.3,3,0.2,1,1,3,4,3.1,4,1,3.1
9235,1852,454,320,2024-2025,3,0.3,5,0.2,1,0.3,4,0.2,4,5,3,1,3.0,3,1,3.0
9236,1935,456,303,2023-2024,5,0.3,2,0.2,1,0.3,2,0.2,5,2,2,3,2.6,9,1,2.6
9237,1525,447,309,2022-2023,3,0.3,5,0.2,2,0.3,2,0.2,5,5,1,4,2.9,0,1,2.9
9238,1221,463,328,2022-2023,2,0.3,3,0.2,2,0.3,3,0.2,3,4,1,3,2.4,1,1,2.4
9239,1205,438,344,2023-2024,1,0.3,5,0.2,1,0.3,1,0.2,2,5,1,2,1.8,9,1,1.8
9240,1513,437,336,2020-2021,5,0.3,2,0.2,3,0.3,5,0.2,1,2,4,4,3.8,1,1,3.8
9241,1659,450,342,2024-2025,2,0.3,4,0.2,4,0.3,1,0.2,3,2,5,1,2.8,9,1,2.8
9242,1999,473,359,2022-2023,1,0.3,4,0.2,3,0.3,3,0.2,1,5,1,2,2.6,0,1,2.6
9243,2160,406,356,2023-2024,5,0.3,5,0.2,2,0.3,2,0.2,3,1,5,5,3.5,6,1,3.5
9244,1317,473,316,2023-2024,3,0.3,5,0.2,3,0.3,1,0.2,4,3,3,2,3.0,6,1,3.0
9245,2075,402,360,2021-2022,3,0.3,5,0.2,4,0.3,2,0.2,2,5,4,3,3.5,6,1,3.5
9246,2136,402,324,2024-2025,2,0.3,4,0.2,1,0.3,1,0.2,5,1,1,5,1.9,8,1,1.9
9247,1001,401,322,2021-2022,5,0.3,1,0.2,1,0.3,2,0.2,4,5,2,5,2.4,6,1,2.4
9248,1105,425,301,2023-2024,5,0.3,4,0.2,2,0.3,2,0.2,1,1,5,1,3.3,6,1,3.3
9249,1958,449,342,2023-2024,5,0.3,2,0.2,2,0.3,2,0.2,2,1,3,3,2.9,1,1,2.9
9250,1122,458,301,2021-2022,3,0.3,1,0.2,5,0.3,5,0.2,4,2,5,2,3.6,9,1,3.6
9251,1444,443,335,2021-2022,3,0.3,2,0.2,5,0.3,4,0.2,3,5,2,4,3.6,3,1,3.6
9252,1552,479,321,2022-2023,5,0.3,5,0.2,5,0.3,4,0.2,5,1,1,5,4.8,2,1,4.8
9253,2075,465,323,2023-2024,2,0.3,2,0.2,3,0.3,3,0.2,2,5,2,3,2.5,6,1,2.5
9254,1891,411,343,2024-2025,2,0.3,5,0.2,5,0.3,1,0.2,1,3,3,5,3.3,7,1,3.3
9255,1839,412,318,2024-2025,3,0.3,2,0.2,1,0.3,2,0.2,5,1,5,3,2.0,1,1,2.0
9256,1322,406,312,2023-2024,4,0.3,4,0.2,5,0.3,3,0.2,5,5,5,1,4.1,4,1,4.1
9257,1146,472,340,2020-2021,3,0.3,3,0.2,5,0.3,1,0.2,4,2,5,3,3.2,5,1,3.2
9258,1554,476,317,2020-2021,5,0.3,3,0.2,5,0.3,4,0.2,1,5,2,4,4.4,2,1,4.4
9259,2107,403,357,2023-2024,5,0.3,5,0.2,4,0.3,3,0.2,2,1,1,5,4.3,10,1,4.300000000000001
9260,1165,473,358,2023-2024,1,0.3,3,0.2,4,0.3,1,0.2,3,2,3,4,2.3,5,1,2.3
9261,1705,448,356,2023-2024,2,0.3,5,0.2,2,0.3,3,0.2,5,1,5,3,2.8,6,1,2.8
9262,1696,472,308,2021-2022,5,0.3,1,0.2,1,0.3,1,0.2,2,4,2,3,2.2,2,1,2.2
9263,1077,401,309,2022-2023,3,0.3,5,0.2,3,0.3,4,0.2,1,5,1,4,3.6,10,1,3.6
9264,1871,407,340,2022-2023,4,0.3,2,0.2,3,0.3,3,0.2,4,4,2,3,3.1,8,1,3.1
9265,1792,432,358,2020-2021,4,0.3,4,0.2,3,0.3,4,0.2,5,2,3,4,3.7,2,1,3.7
9266,1194,408,303,2023-2024,5,0.3,5,0.2,1,0.3,5,0.2,2,3,4,3,3.8,10,1,3.8
9267,1276,406,344,2021-2022,1,0.3,5,0.2,1,0.3,3,0.2,2,2,1,3,2.2,9,1,2.2
9268,1440,456,336,2021-2022,4,0.3,3,0.2,4,0.3,2,0.2,5,4,4,3,3.4,7,1,3.4
9269,1680,466,327,2024-2025,3,0.3,3,0.2,3,0.3,2,0.2,3,4,5,3,2.8,0,1,2.8
9270,1977,468,311,2023-2024,4,0.3,4,0.2,3,0.3,5,0.2,3,5,4,1,3.9,3,1,3.9
9271,1704,446,317,2023-2024,1,0.3,1,0.2,1,0.3,2,0.2,3,3,2,2,1.2,4,1,1.2
9272,1280,475,317,2024-2025,4,0.3,5,0.2,5,0.3,3,0.2,3,3,4,1,4.3,4,1,4.300000000000001
9273,1674,450,314,2021-2022,1,0.3,3,0.2,3,0.3,1,0.2,4,1,4,5,2.0,5,1,2.0
9274,1807,416,313,2024-2025,1,0.3,1,0.2,5,0.3,1,0.2,4,3,5,3,2.2,5,1,2.2
9275,2178,468,307,2021-2022,5,0.3,3,0.2,2,0.3,2,0.2,2,2,3,1,3.1,9,1,3.1
9276,1166,467,301,2020-2021,5,0.3,4,0.2,4,0.3,1,0.2,4,4,4,3,3.7,3,1,3.7
9277,1006,476,334,2022-2023,4,0.3,1,0.2,3,0.3,5,0.2,5,2,4,1,3.3,4,1,3.3
9278,1964,433,339,2021-2022,2,0.3,4,0.2,5,0.3,3,0.2,3,4,4,5,3.5,8,1,3.5
9279,1167,451,341,2020-2021,5,0.3,2,0.2,5,0.3,4,0.2,5,4,4,4,4.2,4,1,4.2
9280,1600,425,306,2024-2025,3,0.3,5,0.2,1,0.3,5,0.2,4,3,2,1,3.2,7,1,3.2
9281,1397,409,309,2023-2024,5,0.3,1,0.2,1,0.3,3,0.2,1,3,3,4,2.6,4,1,2.6
9282,1689,480,324,2024-2025,1,0.3,2,0.2,5,0.3,3,0.2,4,4,5,3,2.8,5,1,2.8
9283,2057,412,315,2020-2021,5,0.3,1,0.2,2,0.3,4,0.2,4,5,2,4,3.1,3,1,3.1
9284,2191,440,307,2021-2022,1,0.3,5,0.2,2,0.3,3,0.2,2,3,3,5,2.5,2,1,2.5
9285,1115,424,319,2022-2023,2,0.3,2,0.2,3,0.3,5,0.2,3,4,1,1,2.9,6,1,2.9
9286,1682,414,359,2022-2023,2,0.3,4,0.2,3,0.3,2,0.2,5,2,5,4,2.7,3,1,2.7
9287,1421,413,330,2022-2023,2,0.3,4,0.2,1,0.3,2,0.2,1,2,5,1,2.1,0,1,2.1
9288,1476,438,318,2021-2022,4,0.3,1,0.2,4,0.3,4,0.2,2,3,4,1,3.4,2,1,3.399999999999999
9289,1816,436,305,2023-2024,4,0.3,2,0.2,2,0.3,3,0.2,2,5,5,4,2.8,0,1,2.8
9290,1738,412,318,2021-2022,2,0.3,3,0.2,2,0.3,1,0.2,3,1,4,2,2.0,10,1,2.0
9291,1090,434,347,2022-2023,2,0.3,4,0.2,5,0.3,3,0.2,5,3,2,4,3.5,0,1,3.5
9292,1964,420,357,2021-2022,2,0.3,2,0.2,3,0.3,3,0.2,3,1,3,3,2.5,3,1,2.5
9293,1463,479,302,2020-2021,1,0.3,4,0.2,1,0.3,1,0.2,3,3,5,5,1.6,2,1,1.6
9294,1549,407,333,2023-2024,4,0.3,3,0.2,2,0.3,2,0.2,1,3,4,5,2.8,10,1,2.8
9295,1733,452,316,2024-2025,2,0.3,2,0.2,3,0.3,3,0.2,3,5,5,1,2.5,8,1,2.5
9296,2155,457,320,2024-2025,2,0.3,5,0.2,3,0.3,2,0.2,4,5,5,1,2.9,0,1,2.9
9297,1415,468,301,2023-2024,3,0.3,3,0.2,4,0.3,2,0.2,5,2,4,4,3.1,0,1,3.1
9298,1516,459,357,2022-2023,5,0.3,3,0.2,1,0.3,3,0.2,1,1,4,3,3.0,0,1,3.0
9299,1662,467,339,2024-2025,3,0.3,4,0.2,4,0.3,3,0.2,1,4,3,5,3.5,6,1,3.5
9300,1414,422,319,2021-2022,5,0.3,4,0.2,2,0.3,2,0.2,1,3,2,1,3.3,0,1,3.3
9301,1216,405,353,2023-2024,4,0.3,2,0.2,1,0.3,5,0.2,5,4,1,2,2.9,6,1,2.9
9302,1187,439,346,2021-2022,2,0.3,3,0.2,5,0.3,1,0.2,1,2,5,4,2.9,1,1,2.9
9303,2135,453,344,2020-2021,2,0.3,2,0.2,2,0.3,2,0.2,3,1,2,3,2.0,5,1,2.0
9304,1320,422,319,2021-2022,3,0.3,2,0.2,2,0.3,3,0.2,1,2,2,2,2.5,0,1,2.5
9305,1266,458,334,2024-2025,1,0.3,1,0.2,1,0.3,2,0.2,2,5,2,3,1.2,10,1,1.2
9306,2001,473,307,2021-2022,2,0.3,3,0.2,1,0.3,5,0.2,3,2,2,5,2.5,5,1,2.5
9307,1377,476,318,2024-2025,4,0.3,1,0.2,4,0.3,4,0.2,3,4,4,4,3.4,4,1,3.399999999999999
9308,1939,475,360,2022-2023,1,0.3,5,0.2,5,0.3,4,0.2,2,4,1,3,3.6,0,1,3.6
9309,1082,477,304,2023-2024,5,0.3,2,0.2,1,0.3,4,0.2,2,2,4,1,3.0,2,1,3.0
9310,1867,461,354,2021-2022,4,0.3,2,0.2,1,0.3,3,0.2,4,1,4,2,2.5,6,1,2.5
9311,1658,477,343,2024-2025,2,0.3,5,0.2,2,0.3,3,0.2,5,4,4,4,2.8,3,1,2.8
9312,2030,420,305,2022-2023,5,0.3,2,0.2,3,0.3,2,0.2,4,2,5,2,3.2,2,1,3.2
9313,1404,467,347,2020-2021,2,0.3,2,0.2,5,0.3,2,0.2,2,5,3,2,2.9,2,1,2.9
9314,1789,419,332,2020-2021,2,0.3,3,0.2,5,0.3,1,0.2,5,3,1,1,2.9,4,1,2.9
9315,1694,421,312,2024-2025,3,0.3,1,0.2,2,0.3,3,0.2,2,3,3,4,2.3,7,1,2.3
9316,2179,430,358,2022-2023,1,0.3,5,0.2,5,0.3,2,0.2,1,3,4,2,3.2,9,1,3.2
9317,1232,446,360,2021-2022,2,0.3,2,0.2,4,0.3,3,0.2,3,5,2,2,2.8,8,1,2.8
9318,1164,479,302,2022-2023,4,0.3,5,0.2,5,0.3,3,0.2,2,1,5,3,4.3,5,1,4.300000000000001
9319,1708,408,333,2021-2022,5,0.3,4,0.2,3,0.3,5,0.2,3,4,2,2,4.2,2,1,4.199999999999999
9320,1010,472,327,2020-2021,2,0.3,1,0.2,1,0.3,4,0.2,5,4,5,3,1.9,8,1,1.9
9321,1956,445,311,2024-2025,3,0.3,4,0.2,4,0.3,3,0.2,1,3,5,2,3.5,5,1,3.5
9322,1781,474,309,2021-2022,4,0.3,3,0.2,1,0.3,5,0.2,4,1,2,3,3.1,2,1,3.1
9323,1128,448,323,2023-2024,3,0.3,3,0.2,1,0.3,1,0.2,2,3,1,2,2.0,6,1,2.0
9324,1054,473,353,2022-2023,4,0.3,4,0.2,4,0.3,5,0.2,1,3,5,4,4.2,4,1,4.2
9325,1869,435,311,2022-2023,4,0.3,1,0.2,2,0.3,2,0.2,3,2,2,1,2.4,6,1,2.4
9326,1836,409,319,2021-2022,3,0.3,3,0.2,2,0.3,2,0.2,3,1,2,4,2.5,1,1,2.5
9327,1246,406,339,2020-2021,3,0.3,2,0.2,3,0.3,2,0.2,3,4,5,2,2.6,10,1,2.6
9328,1160,424,311,2022-2023,1,0.3,5,0.2,3,0.3,2,0.2,2,4,3,5,2.6,7,1,2.6
9329,1127,456,329,2023-2024,3,0.3,4,0.2,5,0.3,4,0.2,3,3,2,5,4.0,6,1,4.0
9330,1943,468,306,2020-2021,2,0.3,1,0.2,4,0.3,1,0.2,1,1,1,2,2.2,4,1,2.2
9331,1803,478,341,2022-2023,3,0.3,5,0.2,1,0.3,3,0.2,2,1,1,5,2.8,7,1,2.8
9332,1573,433,338,2020-2021,3,0.3,5,0.2,1,0.3,1,0.2,1,1,4,2,2.4,3,1,2.4
9333,1064,437,337,2024-2025,1,0.3,3,0.2,5,0.3,2,0.2,2,1,4,3,2.8,0,1,2.8
9334,1121,459,303,2022-2023,3,0.3,1,0.2,2,0.3,1,0.2,2,1,1,3,1.9,5,1,1.9
9335,2070,466,330,2024-2025,1,0.3,2,0.2,1,0.3,3,0.2,3,1,4,4,1.6,0,1,1.6
9336,1548,415,317,2024-2025,4,0.3,4,0.2,3,0.3,1,0.2,2,3,1,3,3.1,6,1,3.1
9337,1545,417,360,2023-2024,1,0.3,5,0.2,3,0.3,1,0.2,4,1,2,1,2.4,5,1,2.4
9338,1215,443,308,2020-2021,2,0.3,5,0.2,4,0.3,1,0.2,1,4,2,4,3.0,1,1,3.0
9339,1395,434,308,2020-2021,3,0.3,2,0.2,3,0.3,5,0.2,4,1,4,3,3.2,0,1,3.2
9340,1713,428,308,2020-2021,3,0.3,4,0.2,2,0.3,3,0.2,4,2,4,1,2.9,2,1,2.9
9341,1660,405,335,2022-2023,2,0.3,1,0.2,4,0.3,2,0.2,3,2,3,1,2.4,8,1,2.4
9342,1878,476,309,2022-2023,5,0.3,4,0.2,1,0.3,5,0.2,2,2,4,1,3.6,1,1,3.6
9343,1487,410,354,2024-2025,1,0.3,5,0.2,5,0.3,5,0.2,1,3,1,1,3.8,9,1,3.8
9344,1926,415,351,2024-2025,5,0.3,5,0.2,1,0.3,2,0.2,2,2,5,5,3.2,7,1,3.2
9345,1527,480,310,2022-2023,3,0.3,1,0.2,3,0.3,5,0.2,3,2,3,3,3.0,0,1,3.0
9346,1356,462,316,2024-2025,2,0.3,4,0.2,4,0.3,3,0.2,4,5,4,4,3.2,4,1,3.2
9347,1685,409,350,2021-2022,5,0.3,1,0.2,1,0.3,1,0.2,5,2,4,2,2.2,4,1,2.2
9348,1965,464,340,2024-2025,2,0.3,1,0.2,4,0.3,4,0.2,2,4,4,4,2.8,8,1,2.8
9349,2046,418,317,2020-2021,1,0.3,1,0.2,4,0.3,1,0.2,5,5,2,3,1.9,1,1,1.9
9350,1931,474,312,2020-2021,2,0.3,2,0.2,1,0.3,3,0.2,5,2,2,4,1.9,6,1,1.9
9351,1169,458,353,2021-2022,1,0.3,4,0.2,2,0.3,1,0.2,5,3,1,2,1.9,6,1,1.9
9352,1867,415,306,2020-2021,4,0.3,1,0.2,5,0.3,4,0.2,5,3,1,2,3.7,9,1,3.7
9353,1801,462,314,2023-2024,1,0.3,5,0.2,2,0.3,4,0.2,1,5,4,2,2.7,3,1,2.7
9354,1091,451,326,2023-2024,2,0.3,5,0.2,5,0.3,3,0.2,4,4,1,3,3.7,5,1,3.7
9355,1696,407,344,2024-2025,1,0.3,5,0.2,1,0.3,1,0.2,1,5,2,1,1.8,6,1,1.8
9356,2035,405,323,2022-2023,5,0.3,2,0.2,3,0.3,1,0.2,4,3,3,1,3.0,9,1,3.0
9357,1536,428,327,2020-2021,5,0.3,3,0.2,1,0.3,2,0.2,4,1,3,1,2.8,2,1,2.8
9358,1902,452,306,2024-2025,5,0.3,5,0.2,5,0.3,1,0.2,1,5,1,3,4.2,9,1,4.2
9359,2069,434,340,2020-2021,5,0.3,2,0.2,4,0.3,4,0.2,2,2,1,4,3.9,7,1,3.899999999999999
9360,1980,456,329,2022-2023,3,0.3,5,0.2,1,0.3,1,0.2,3,1,1,3,2.4,3,1,2.4
9361,1681,458,323,2021-2022,4,0.3,3,0.2,2,0.3,1,0.2,2,5,3,1,2.6,8,1,2.6
9362,1406,475,304,2021-2022,2,0.3,5,0.2,4,0.3,1,0.2,4,4,3,5,3.0,6,1,3.0
9363,1753,427,350,2022-2023,4,0.3,3,0.2,4,0.3,4,0.2,1,3,2,3,3.8,10,1,3.8
9364,1280,464,301,2024-2025,4,0.3,3,0.2,2,0.3,5,0.2,1,2,1,4,3.4,8,1,3.4
9365,2106,412,355,2020-2021,1,0.3,1,0.2,2,0.3,4,0.2,1,1,2,2,1.9,0,1,1.9
9366,1199,452,301,2024-2025,5,0.3,2,0.2,2,0.3,3,0.2,5,1,5,4,3.1,5,1,3.1
9367,1234,452,326,2020-2021,4,0.3,5,0.2,5,0.3,3,0.2,5,1,4,4,4.3,4,1,4.300000000000001
9368,1575,429,351,2024-2025,3,0.3,3,0.2,5,0.3,1,0.2,3,4,1,4,3.2,10,1,3.2
9369,1910,417,328,2020-2021,2,0.3,2,0.2,2,0.3,4,0.2,1,3,3,1,2.4,2,1,2.4
9370,1620,453,323,2022-2023,4,0.3,1,0.2,2,0.3,5,0.2,5,2,1,5,3.0,9,1,3.0
9371,1821,433,356,2024-2025,3,0.3,4,0.2,5,0.3,5,0.2,5,2,2,5,4.2,7,1,4.2
9372,1130,469,303,2021-2022,3,0.3,3,0.2,2,0.3,5,0.2,2,5,3,5,3.1,7,1,3.1
9373,1523,429,347,2021-2022,4,0.3,1,0.2,3,0.3,3,0.2,4,2,4,1,2.9,9,1,2.9
9374,1696,429,350,2023-2024,1,0.3,5,0.2,3,0.3,4,0.2,5,3,4,4,3.0,3,1,3.0
9375,1369,474,302,2020-2021,1,0.3,5,0.2,2,0.3,3,0.2,2,3,5,2,2.5,10,1,2.5
9376,1416,438,326,2020-2021,4,0.3,5,0.2,3,0.3,2,0.2,3,1,2,1,3.5,6,1,3.5
9377,1838,406,306,2020-2021,4,0.3,4,0.2,1,0.3,5,0.2,4,4,3,5,3.3,9,1,3.3
9378,1266,448,355,2023-2024,4,0.3,5,0.2,2,0.3,3,0.2,3,5,2,5,3.4,3,1,3.4
9379,1616,438,341,2022-2023,5,0.3,3,0.2,3,0.3,1,0.2,1,2,5,5,3.2,6,1,3.2
9380,1773,450,339,2020-2021,2,0.3,5,0.2,2,0.3,3,0.2,5,1,3,3,2.8,9,1,2.8
9381,1829,443,315,2021-2022,5,0.3,4,0.2,1,0.3,2,0.2,5,2,1,3,3.0,10,1,3.0
9382,1955,477,352,2020-2021,2,0.3,1,0.2,4,0.3,1,0.2,5,1,3,5,2.2,7,1,2.2
9383,1736,408,333,2021-2022,5,0.3,4,0.2,1,0.3,1,0.2,2,3,3,1,2.8,2,1,2.8
9384,1516,445,318,2020-2021,5,0.3,5,0.2,2,0.3,5,0.2,5,2,2,4,4.1,8,1,4.1
9385,1630,419,357,2022-2023,5,0.3,1,0.2,3,0.3,4,0.2,1,4,3,2,3.4,8,1,3.399999999999999
9386,1729,408,342,2020-2021,2,0.3,1,0.2,2,0.3,5,0.2,4,5,4,4,2.4,7,1,2.4
9387,1658,425,348,2022-2023,3,0.3,3,0.2,1,0.3,1,0.2,4,4,1,2,2.0,6,1,2.0
9388,1140,435,312,2022-2023,4,0.3,2,0.2,2,0.3,4,0.2,4,3,1,3,3.0,1,1,3.0
9389,1648,456,327,2020-2021,4,0.3,2,0.2,2,0.3,5,0.2,3,5,2,3,3.2,10,1,3.2
9390,1701,410,329,2024-2025,2,0.3,4,0.2,3,0.3,5,0.2,2,4,3,4,3.3,7,1,3.3
9391,1534,451,302,2020-2021,2,0.3,1,0.2,4,0.3,1,0.2,4,3,1,5,2.2,6,1,2.2
9392,1318,442,327,2024-2025,3,0.3,1,0.2,1,0.3,1,0.2,2,3,5,4,1.6,2,1,1.6
9393,1971,462,331,2023-2024,4,0.3,5,0.2,2,0.3,5,0.2,3,3,1,2,3.8,3,1,3.8
9394,1706,415,357,2021-2022,3,0.3,4,0.2,1,0.3,3,0.2,4,3,1,2,2.6,8,1,2.6
9395,1701,424,337,2021-2022,2,0.3,4,0.2,3,0.3,4,0.2,4,4,3,4,3.1,2,1,3.1
9396,1530,402,315,2022-2023,4,0.3,3,0.2,3,0.3,3,0.2,5,5,5,2,3.3,9,1,3.3
9397,1675,431,326,2022-2023,4,0.3,3,0.2,5,0.3,3,0.2,2,2,1,5,3.9,4,1,3.9
9398,1533,464,356,2023-2024,4,0.3,1,0.2,3,0.3,3,0.2,3,5,2,5,2.9,10,1,2.9
9399,1789,478,311,2023-2024,1,0.3,1,0.2,5,0.3,4,0.2,1,3,2,5,2.8,8,1,2.8
9400,1129,446,350,2024-2025,3,0.3,2,0.2,5,0.3,4,0.2,2,3,3,2,3.6,0,1,3.6
9401,1492,471,321,2022-2023,2,0.3,5,0.2,5,0.3,4,0.2,3,2,3,1,3.9,2,1,3.9
9402,1618,455,333,2024-2025,5,0.3,3,0.2,5,0.3,1,0.2,4,5,5,5,3.8,0,1,3.8
9403,1523,423,332,2021-2022,5,0.3,4,0.2,4,0.3,2,0.2,3,4,4,1,3.9,1,1,3.9
9404,1397,462,351,2024-2025,3,0.3,4,0.2,5,0.3,4,0.2,1,3,4,1,4.0,6,1,4.0
9405,1775,461,355,2020-2021,2,0.3,1,0.2,4,0.3,2,0.2,2,5,4,2,2.4,1,1,2.4
9406,2166,416,326,2023-2024,3,0.3,1,0.2,2,0.3,1,0.2,4,1,4,2,1.9,4,1,1.9
9407,2183,456,331,2023-2024,4,0.3,5,0.2,5,0.3,5,0.2,2,1,5,2,4.7,2,1,4.7
9408,1258,433,332,2023-2024,3,0.3,4,0.2,5,0.3,2,0.2,5,4,4,1,3.6,10,1,3.6
9409,1189,435,334,2024-2025,4,0.3,1,0.2,4,0.3,4,0.2,3,4,5,2,3.4,5,1,3.399999999999999
9410,1394,441,310,2024-2025,4,0.3,5,0.2,3,0.3,2,0.2,5,1,1,5,3.5,3,1,3.5
9411,1490,433,322,2022-2023,3,0.3,1,0.2,2,0.3,4,0.2,2,3,4,1,2.5,1,1,2.5
9412,1371,409,336,2020-2021,3,0.3,3,0.2,5,0.3,2,0.2,5,3,1,4,3.4,1,1,3.4
9413,1891,459,331,2023-2024,5,0.3,1,0.2,4,0.3,1,0.2,5,2,1,2,3.1,1,1,3.1
9414,2134,426,313,2023-2024,4,0.3,3,0.2,3,0.3,2,0.2,3,2,3,3,3.1,0,1,3.1
9415,1359,412,303,2020-2021,2,0.3,3,0.2,2,0.3,2,0.2,2,3,3,4,2.2,7,1,2.2
9416,2187,476,343,2024-2025,3,0.3,5,0.2,1,0.3,3,0.2,3,5,4,4,2.8,0,1,2.8
9417,1739,455,335,2021-2022,2,0.3,1,0.2,4,0.3,1,0.2,3,5,2,2,2.2,0,1,2.2
9418,1628,448,325,2021-2022,1,0.3,3,0.2,2,0.3,3,0.2,4,4,5,5,2.1,8,1,2.1
9419,1482,454,341,2022-2023,2,0.3,4,0.2,5,0.3,4,0.2,3,3,5,5,3.7,1,1,3.7
9420,1845,458,349,2021-2022,1,0.3,4,0.2,2,0.3,2,0.2,5,2,1,4,2.1,0,1,2.1
9421,1301,479,340,2021-2022,3,0.3,2,0.2,5,0.3,3,0.2,1,1,5,2,3.4,4,1,3.4
9422,1103,456,339,2023-2024,4,0.3,3,0.2,2,0.3,3,0.2,5,2,1,5,3.0,9,1,3.0
9423,1244,413,309,2020-2021,2,0.3,5,0.2,4,0.3,2,0.2,2,5,2,5,3.2,9,1,3.2
9424,1084,414,324,2020-2021,5,0.3,2,0.2,5,0.3,5,0.2,3,5,3,3,4.4,7,1,4.4
9425,1125,450,333,2020-2021,4,0.3,1,0.2,4,0.3,5,0.2,2,1,3,1,3.6,0,1,3.6
9426,1035,411,352,2021-2022,3,0.3,3,0.2,4,0.3,5,0.2,1,3,2,2,3.7,6,1,3.7
9427,1402,424,307,2020-2021,1,0.3,3,0.2,4,0.3,3,0.2,1,3,3,5,2.7,5,1,2.7
9428,1168,461,339,2020-2021,5,0.3,5,0.2,2,0.3,5,0.2,5,4,5,1,4.1,9,1,4.1
9429,1135,463,342,2023-2024,1,0.3,2,0.2,4,0.3,3,0.2,3,5,2,1,2.5,5,1,2.5
9430,1815,404,358,2024-2025,5,0.3,3,0.2,5,0.3,2,0.2,1,1,4,5,4.0,0,1,4.0
9431,1853,403,340,2023-2024,1,0.3,1,0.2,3,0.3,2,0.2,3,2,5,3,1.8,5,1,1.8
9432,1426,417,304,2020-2021,2,0.3,3,0.2,5,0.3,4,0.2,5,4,1,1,3.5,5,1,3.5
9433,1735,429,312,2022-2023,2,0.3,3,0.2,2,0.3,1,0.2,4,2,3,5,2.0,8,1,2.0
9434,2015,406,317,2023-2024,5,0.3,5,0.2,1,0.3,3,0.2,3,5,3,3,3.4,5,1,3.4
9435,1334,437,303,2022-2023,1,0.3,4,0.2,5,0.3,2,0.2,4,3,1,1,3.0,10,1,3.0
9436,2161,413,341,2020-2021,5,0.3,2,0.2,3,0.3,2,0.2,2,5,5,1,3.2,6,1,3.2
9437,1738,420,305,2024-2025,4,0.3,4,0.2,4,0.3,1,0.2,3,5,4,5,3.4,0,1,3.4
9438,1296,476,301,2020-2021,3,0.3,2,0.2,5,0.3,3,0.2,5,5,5,2,3.4,5,1,3.4
9439,1410,478,346,2024-2025,5,0.3,3,0.2,4,0.3,5,0.2,1,2,4,1,4.3,3,1,4.3
9440,1315,407,324,2024-2025,4,0.3,4,0.2,2,0.3,1,0.2,5,4,5,3,2.8,8,1,2.8
9441,1517,467,330,2024-2025,3,0.3,2,0.2,1,0.3,4,0.2,1,2,3,1,2.4,9,1,2.4
9442,1655,408,348,2020-2021,3,0.3,1,0.2,3,0.3,1,0.2,5,1,2,4,2.2,1,1,2.2
9443,1566,466,353,2022-2023,4,0.3,1,0.2,1,0.3,1,0.2,3,1,2,2,1.9,10,1,1.9
9444,2194,437,344,2022-2023,3,0.3,5,0.2,1,0.3,1,0.2,2,3,3,2,2.4,9,1,2.4
9445,1884,411,318,2022-2023,4,0.3,2,0.2,3,0.3,3,0.2,1,2,5,5,3.1,7,1,3.1
9446,1391,417,308,2022-2023,1,0.3,1,0.2,1,0.3,5,0.2,2,5,3,1,1.8,7,1,1.8
9447,1631,466,315,2021-2022,4,0.3,1,0.2,1,0.3,1,0.2,3,1,5,4,1.9,5,1,1.9
9448,1253,450,353,2023-2024,2,0.3,4,0.2,1,0.3,2,0.2,5,3,5,1,2.1,10,1,2.1
9449,1338,427,315,2020-2021,1,0.3,1,0.2,1,0.3,1,0.2,1,4,4,5,1.0,6,1,1.0
9450,1504,424,315,2024-2025,3,0.3,3,0.2,4,0.3,4,0.2,2,4,5,3,3.5,1,1,3.5
9451,1806,422,312,2024-2025,3,0.3,2,0.2,3,0.3,3,0.2,1,4,3,5,2.8,10,1,2.8
9452,2171,402,322,2024-2025,1,0.3,3,0.2,2,0.3,5,0.2,3,1,5,3,2.5,2,1,2.5
9453,1474,451,310,2022-2023,5,0.3,1,0.2,4,0.3,5,0.2,4,4,2,1,3.9,0,1,3.9
9454,1588,416,304,2022-2023,5,0.3,4,0.2,2,0.3,4,0.2,5,1,3,4,3.7,9,1,3.7
9455,1689,412,336,2022-2023,5,0.3,1,0.2,3,0.3,3,0.2,5,3,3,2,3.2,9,1,3.2
9456,1288,418,307,2023-2024,4,0.3,3,0.2,2,0.3,3,0.2,2,2,5,3,3.0,2,1,3.0
9457,2161,469,304,2021-2022,3,0.3,5,0.2,4,0.3,2,0.2,1,2,5,1,3.5,10,1,3.5
9458,1218,432,347,2022-2023,4,0.3,2,0.2,4,0.3,3,0.2,2,1,3,3,3.4,7,1,3.4
9459,1596,447,349,2023-2024,5,0.3,1,0.2,2,0.3,1,0.2,2,3,2,1,2.5,3,1,2.5
9460,1450,403,301,2020-2021,1,0.3,2,0.2,3,0.3,1,0.2,1,2,1,3,1.8,6,1,1.8
9461,1578,432,330,2023-2024,3,0.3,3,0.2,2,0.3,1,0.2,5,1,3,3,2.3,10,1,2.3
9462,1972,404,343,2021-2022,5,0.3,2,0.2,2,0.3,4,0.2,4,1,3,5,3.3,7,1,3.3
9463,2196,467,360,2023-2024,4,0.3,5,0.2,4,0.3,5,0.2,2,3,4,5,4.4,6,1,4.4
9464,1713,402,355,2023-2024,3,0.3,1,0.2,1,0.3,2,0.2,4,3,5,5,1.8,6,1,1.8
9465,1390,428,337,2023-2024,4,0.3,2,0.2,4,0.3,4,0.2,5,1,1,4,3.6,1,1,3.6
9466,1644,407,343,2022-2023,1,0.3,5,0.2,3,0.3,4,0.2,2,2,1,1,3.0,1,1,3.0
9467,1292,417,345,2022-2023,2,0.3,4,0.2,1,0.3,3,0.2,5,2,2,2,2.3,3,1,2.3
9468,1435,415,327,2020-2021,5,0.3,1,0.2,3,0.3,2,0.2,4,4,5,4,3.0,4,1,3.0
9469,1082,463,308,2020-2021,3,0.3,4,0.2,5,0.3,4,0.2,5,5,5,3,4.0,1,1,4.0
9470,2117,459,309,2021-2022,1,0.3,1,0.2,3,0.3,4,0.2,5,1,2,4,2.2,1,1,2.2
9471,1022,424,326,2022-2023,3,0.3,3,0.2,5,0.3,4,0.2,2,2,4,2,3.8,4,1,3.8
9472,1771,475,355,2021-2022,3,0.3,5,0.2,5,0.3,3,0.2,4,1,3,4,4.0,10,1,4.0
9473,2064,403,323,2023-2024,5,0.3,4,0.2,3,0.3,1,0.2,1,1,4,5,3.4,4,1,3.4
9474,1320,463,353,2022-2023,3,0.3,3,0.2,1,0.3,1,0.2,5,5,3,2,2.0,4,1,2.0
9475,1420,452,325,2023-2024,3,0.3,2,0.2,4,0.3,5,0.2,1,3,3,5,3.5,6,1,3.5
9476,2074,410,327,2020-2021,4,0.3,1,0.2,1,0.3,5,0.2,5,2,4,4,2.7,10,1,2.7
9477,1591,476,327,2023-2024,2,0.3,3,0.2,4,0.3,4,0.2,5,3,3,2,3.2,7,1,3.2
9478,2065,414,321,2023-2024,2,0.3,2,0.2,1,0.3,5,0.2,4,3,3,1,2.3,3,1,2.3
9479,1898,477,330,2020-2021,3,0.3,3,0.2,3,0.3,3,0.2,4,5,1,4,3.0,7,1,3.0
9480,1432,404,302,2020-2021,1,0.3,3,0.2,3,0.3,3,0.2,4,2,1,3,2.4,1,1,2.4
9481,1360,414,341,2021-2022,2,0.3,4,0.2,2,0.3,3,0.2,5,5,3,4,2.6,7,1,2.6
9482,1750,444,351,2021-2022,2,0.3,3,0.2,1,0.3,3,0.2,3,1,4,4,2.1,4,1,2.100000000000001
9483,1320,452,320,2021-2022,5,0.3,3,0.2,4,0.3,3,0.2,3,2,4,3,3.9,2,1,3.9
9484,1379,417,304,2022-2023,5,0.3,2,0.2,2,0.3,1,0.2,1,1,4,3,2.7,9,1,2.7
9485,1771,444,311,2020-2021,4,0.3,1,0.2,4,0.3,2,0.2,1,3,5,4,3.0,6,1,3.0
9486,1475,457,311,2022-2023,1,0.3,5,0.2,4,0.3,4,0.2,1,1,5,2,3.3,2,1,3.3
9487,1400,423,304,2022-2023,1,0.3,5,0.2,3,0.3,4,0.2,1,4,3,1,3.0,6,1,3.0
9488,2108,467,317,2022-2023,5,0.3,4,0.2,1,0.3,3,0.2,3,2,2,4,3.2,4,1,3.2
9489,1056,405,351,2021-2022,5,0.3,3,0.2,1,0.3,1,0.2,1,5,5,4,2.6,7,1,2.6
9490,1844,419,316,2021-2022,4,0.3,1,0.2,3,0.3,1,0.2,1,3,1,4,2.5,5,1,2.5
9491,1367,474,327,2020-2021,1,0.3,5,0.2,4,0.3,4,0.2,3,5,4,3,3.3,3,1,3.3
9492,1365,423,303,2023-2024,1,0.3,3,0.2,2,0.3,3,0.2,1,3,2,1,2.1,10,1,2.1
9493,1340,419,336,2023-2024,1,0.3,4,0.2,4,0.3,2,0.2,3,5,5,3,2.7,8,1,2.7
9494,1601,422,335,2023-2024,5,0.3,2,0.2,4,0.3,4,0.2,1,1,4,4,3.9,10,1,3.899999999999999
9495,2030,467,304,2020-2021,4,0.3,5,0.2,4,0.3,2,0.2,1,1,2,1,3.8,10,1,3.8
9496,1426,468,315,2022-2023,3,0.3,2,0.2,5,0.3,2,0.2,2,2,2,4,3.2,7,1,3.2
9497,2074,404,326,2021-2022,3,0.3,1,0.2,3,0.3,3,0.2,2,3,3,5,2.6,10,1,2.6
9498,1840,405,318,2020-2021,5,0.3,4,0.2,5,0.3,3,0.2,2,4,1,4,4.4,5,1,4.4
9499,2200,432,313,2024-2025,3,0.3,3,0.2,2,0.3,4,0.2,5,4,1,2,2.9,1,1,2.9
9500,1072,440,331,2023-2024,3,0.3,4,0.2,1,0.3,4,0.2,1,1,2,5,2.8,6,1,2.8
9501,1092,434,313,2023-2024,3,0.3,3,0.2,3,0.3,1,0.2,4,1,2,5,2.6,10,1,2.6
9502,1022,427,321,2023-2024,4,0.3,4,0.2,1,0.3,3,0.2,2,2,4,2,2.9,4,1,2.9
9503,1020,438,335,2022-2023,4,0.3,3,0.2,3,0.3,4,0.2,1,1,5,5,3.5,0,1,3.5
9504,1361,424,344,2023-2024,4,0.3,3,0.2,4,0.3,2,0.2,4,5,1,1,3.4,1,1,3.4
9505,1369,445,339,2021-2022,4,0.3,5,0.2,3,0.3,1,0.2,4,2,5,1,3.3,6,1,3.3
9506,1268,478,310,2022-2023,5,0.3,3,0.2,2,0.3,2,0.2,2,5,3,1,3.1,8,1,3.1
9507,1178,463,326,2022-2023,4,0.3,3,0.2,4,0.3,4,0.2,4,2,2,3,3.8,5,1,3.8
9508,1887,402,332,2024-2025,5,0.3,5,0.2,2,0.3,4,0.2,5,2,2,3,3.9,0,1,3.9
9509,2048,428,326,2020-2021,5,0.3,2,0.2,2,0.3,4,0.2,3,5,2,4,3.3,6,1,3.3
9510,1049,470,302,2023-2024,5,0.3,4,0.2,4,0.3,5,0.2,5,3,4,3,4.5,3,1,4.5
9511,1294,463,324,2020-2021,1,0.3,1,0.2,1,0.3,2,0.2,5,2,4,1,1.2,4,1,1.2
9512,2148,405,316,2021-2022,4,0.3,1,0.2,5,0.3,2,0.2,4,1,3,2,3.3,10,1,3.3
9513,1921,423,332,2024-2025,1,0.3,2,0.2,4,0.3,3,0.2,2,5,2,2,2.5,10,1,2.5
9514,2169,442,317,2021-2022,4,0.3,5,0.2,5,0.3,3,0.2,4,4,2,5,4.3,3,1,4.300000000000001
9515,1439,419,349,2022-2023,2,0.3,4,0.2,5,0.3,5,0.2,1,4,2,5,3.9,1,1,3.9
9516,1215,454,359,2020-2021,5,0.3,3,0.2,5,0.3,5,0.2,5,1,5,5,4.6,0,1,4.6
9517,1539,403,340,2021-2022,5,0.3,5,0.2,5,0.3,1,0.2,2,4,2,4,4.2,2,1,4.2
9518,1381,462,324,2024-2025,3,0.3,3,0.2,3,0.3,2,0.2,3,2,4,4,2.8,3,1,2.8
9519,1303,414,352,2022-2023,2,0.3,4,0.2,2,0.3,2,0.2,3,2,2,3,2.4,0,1,2.4
9520,1385,424,337,2023-2024,1,0.3,4,0.2,5,0.3,5,0.2,3,3,1,1,3.6,10,1,3.6
9521,1009,470,326,2021-2022,4,0.3,3,0.2,1,0.3,4,0.2,3,5,3,1,2.9,3,1,2.9
9522,1010,444,353,2023-2024,2,0.3,5,0.2,4,0.3,4,0.2,3,2,5,4,3.6,6,1,3.6
9523,2049,411,314,2021-2022,3,0.3,4,0.2,1,0.3,1,0.2,1,4,2,2,2.2,9,1,2.2
9524,1539,452,322,2022-2023,1,0.3,5,0.2,1,0.3,5,0.2,1,4,2,4,2.6,9,1,2.6
9525,1939,454,342,2022-2023,5,0.3,3,0.2,1,0.3,4,0.2,3,5,5,5,3.2,1,1,3.2
9526,1907,452,304,2021-2022,5,0.3,4,0.2,4,0.3,5,0.2,2,2,4,3,4.5,4,1,4.5
9527,1593,431,329,2020-2021,5,0.3,5,0.2,3,0.3,1,0.2,3,2,3,2,3.6,4,1,3.6
9528,1881,426,308,2023-2024,5,0.3,1,0.2,4,0.3,2,0.2,4,4,3,3,3.3,2,1,3.3
9529,1618,417,342,2020-2021,2,0.3,2,0.2,1,0.3,2,0.2,5,4,2,5,1.7,1,1,1.7
9530,1909,427,307,2023-2024,5,0.3,1,0.2,2,0.3,3,0.2,3,1,1,2,2.9,9,1,2.9
9531,1670,402,333,2021-2022,3,0.3,5,0.2,2,0.3,5,0.2,2,2,4,1,3.5,0,1,3.5
9532,1180,428,321,2023-2024,3,0.3,3,0.2,2,0.3,3,0.2,2,3,2,1,2.7,7,1,2.7
9533,1472,426,349,2022-2023,1,0.3,5,0.2,1,0.3,4,0.2,3,4,1,3,2.4,4,1,2.4
9534,1663,439,307,2023-2024,2,0.3,2,0.2,5,0.3,2,0.2,4,5,5,2,2.9,10,1,2.9
9535,1273,473,342,2024-2025,2,0.3,1,0.2,4,0.3,5,0.2,3,3,5,1,3.0,2,1,3.0
9536,1243,472,327,2024-2025,5,0.3,3,0.2,3,0.3,4,0.2,1,5,5,1,3.8,6,1,3.8
9537,1401,414,359,2022-2023,2,0.3,3,0.2,3,0.3,5,0.2,3,2,4,3,3.1,1,1,3.1
9538,1228,429,327,2023-2024,2,0.3,2,0.2,5,0.3,4,0.2,3,4,1,4,3.3,1,1,3.3
9539,1494,429,329,2020-2021,4,0.3,1,0.2,3,0.3,3,0.2,4,2,4,4,2.9,1,1,2.9
9540,1009,454,339,2022-2023,2,0.3,4,0.2,3,0.3,4,0.2,2,1,2,1,3.1,7,1,3.1
9541,1795,480,350,2023-2024,5,0.3,5,0.2,3,0.3,1,0.2,2,5,4,4,3.6,2,1,3.6
9542,1881,422,340,2021-2022,1,0.3,3,0.2,1,0.3,5,0.2,1,5,1,4,2.2,7,1,2.2
9543,1789,434,332,2022-2023,5,0.3,4,0.2,3,0.3,5,0.2,1,1,5,2,4.2,10,1,4.199999999999999
9544,1928,443,321,2020-2021,3,0.3,3,0.2,2,0.3,1,0.2,3,4,1,4,2.3,1,1,2.3
9545,1101,430,339,2023-2024,3,0.3,2,0.2,5,0.3,3,0.2,2,4,4,3,3.4,4,1,3.4
9546,1118,475,319,2020-2021,3,0.3,4,0.2,4,0.3,5,0.2,3,2,3,1,3.9,9,1,3.9
9547,1116,428,333,2022-2023,3,0.3,4,0.2,2,0.3,4,0.2,3,2,5,5,3.1,2,1,3.1
9548,1876,463,333,2021-2022,2,0.3,1,0.2,2,0.3,2,0.2,3,2,3,5,1.8,10,1,1.8
9549,1949,460,327,2021-2022,3,0.3,5,0.2,5,0.3,1,0.2,5,3,5,4,3.6,10,1,3.6
9550,1553,430,332,2023-2024,5,0.3,2,0.2,2,0.3,3,0.2,2,4,4,2,3.1,8,1,3.1
9551,1238,456,324,2021-2022,4,0.3,1,0.2,1,0.3,4,0.2,3,5,3,3,2.5,3,1,2.5
9552,1871,473,334,2024-2025,5,0.3,3,0.2,3,0.3,1,0.2,3,5,2,5,3.2,4,1,3.2
9553,2176,460,346,2021-2022,5,0.3,4,0.2,2,0.3,1,0.2,5,3,3,3,3.1,1,1,3.1
9554,1613,429,306,2022-2023,4,0.3,5,0.2,2,0.3,5,0.2,5,1,3,2,3.8,1,1,3.8
9555,2188,452,330,2023-2024,3,0.3,3,0.2,3,0.3,1,0.2,2,3,2,5,2.6,5,1,2.6
9556,1047,448,311,2023-2024,4,0.3,3,0.2,1,0.3,3,0.2,4,1,2,3,2.7,4,1,2.7
9557,1103,458,351,2023-2024,4,0.3,4,0.2,4,0.3,2,0.2,5,5,4,3,3.6,1,1,3.6
9558,1725,413,340,2022-2023,1,0.3,5,0.2,1,0.3,4,0.2,1,4,2,2,2.4,4,1,2.4
9559,1557,416,346,2020-2021,4,0.3,1,0.2,3,0.3,1,0.2,4,1,5,2,2.5,9,1,2.5
9560,1294,441,306,2021-2022,2,0.3,2,0.2,1,0.3,5,0.2,5,1,1,2,2.3,9,1,2.3
9561,1623,457,317,2023-2024,3,0.3,1,0.2,1,0.3,1,0.2,2,5,5,1,1.6,5,1,1.6
9562,1987,465,313,2024-2025,3,0.3,3,0.2,2,0.3,2,0.2,1,3,5,4,2.5,5,1,2.5
9563,2115,437,319,2021-2022,4,0.3,3,0.2,3,0.3,4,0.2,4,2,2,2,3.5,3,1,3.5
9564,1702,409,337,2020-2021,5,0.3,5,0.2,3,0.3,4,0.2,2,3,5,2,4.2,0,1,4.2
9565,1427,406,308,2023-2024,5,0.3,2,0.2,3,0.3,1,0.2,1,4,3,3,3.0,9,1,3.0
9566,1498,438,360,2020-2021,1,0.3,2,0.2,3,0.3,5,0.2,4,4,2,2,2.6,4,1,2.6
9567,2121,420,354,2020-2021,2,0.3,1,0.2,4,0.3,1,0.2,5,2,1,4,2.2,10,1,2.2
9568,1338,429,305,2024-2025,1,0.3,4,0.2,2,0.3,5,0.2,4,4,5,1,2.7,10,1,2.7
9569,1316,431,359,2024-2025,1,0.3,1,0.2,5,0.3,1,0.2,5,2,4,5,2.2,10,1,2.2
9570,1922,478,357,2022-2023,4,0.3,1,0.2,2,0.3,3,0.2,2,3,4,3,2.6,4,1,2.6
9571,1715,438,359,2023-2024,1,0.3,1,0.2,5,0.3,2,0.2,2,5,4,2,2.4,9,1,2.4
9572,1035,421,315,2024-2025,5,0.3,4,0.2,2,0.3,3,0.2,3,5,2,1,3.5,3,1,3.5
9573,1155,434,321,2020-2021,1,0.3,4,0.2,3,0.3,5,0.2,5,1,5,1,3.0,10,1,3.0
9574,1284,467,358,2023-2024,2,0.3,5,0.2,3,0.3,4,0.2,5,2,5,3,3.3,3,1,3.3
9575,1985,429,315,2021-2022,5,0.3,1,0.2,1,0.3,4,0.2,5,2,4,4,2.8,5,1,2.8
9576,1365,439,337,2023-2024,2,0.3,3,0.2,5,0.3,1,0.2,4,5,5,5,2.9,2,1,2.9
9577,1707,443,348,2021-2022,2,0.3,5,0.2,3,0.3,5,0.2,1,1,1,1,3.5,10,1,3.5
9578,2128,440,332,2024-2025,3,0.3,3,0.2,3,0.3,3,0.2,2,1,4,3,3.0,0,1,3.0
9579,1029,425,344,2021-2022,3,0.3,1,0.2,5,0.3,4,0.2,2,1,4,4,3.4,5,1,3.399999999999999
9580,1706,433,348,2024-2025,5,0.3,5,0.2,1,0.3,2,0.2,5,2,5,1,3.2,0,1,3.2
9581,1217,407,315,2023-2024,2,0.3,2,0.2,1,0.3,3,0.2,2,5,1,1,1.9,2,1,1.9
9582,1700,458,321,2022-2023,5,0.3,4,0.2,2,0.3,5,0.2,1,2,4,2,3.9,7,1,3.9
9583,1874,428,314,2020-2021,1,0.3,1,0.2,4,0.3,5,0.2,2,2,3,1,2.7,7,1,2.7
9584,1357,416,358,2021-2022,4,0.3,4,0.2,4,0.3,5,0.2,4,3,4,2,4.2,1,1,4.2
9585,2182,445,336,2021-2022,2,0.3,2,0.2,3,0.3,3,0.2,5,3,4,3,2.5,6,1,2.5
9586,1668,477,303,2024-2025,2,0.3,1,0.2,5,0.3,2,0.2,5,3,3,1,2.7,4,1,2.7
9587,1876,426,349,2023-2024,4,0.3,3,0.2,2,0.3,4,0.2,5,2,3,4,3.2,4,1,3.2
9588,1639,464,328,2023-2024,5,0.3,3,0.2,5,0.3,4,0.2,5,3,3,4,4.4,7,1,4.4
9589,1834,447,354,2020-2021,1,0.3,3,0.2,1,0.3,5,0.2,4,4,5,5,2.2,6,1,2.2
9590,1767,475,342,2020-2021,3,0.3,3,0.2,1,0.3,1,0.2,3,5,2,3,2.0,6,1,2.0
9591,1340,455,317,2023-2024,5,0.3,4,0.2,1,0.3,3,0.2,5,4,5,3,3.2,0,1,3.2
9592,1835,401,345,2023-2024,5,0.3,1,0.2,3,0.3,4,0.2,2,5,2,5,3.4,5,1,3.399999999999999
9593,1292,460,322,2020-2021,1,0.3,3,0.2,1,0.3,4,0.2,2,1,5,2,2.0,2,1,2.0
9594,1460,472,301,2021-2022,3,0.3,2,0.2,1,0.3,2,0.2,5,3,3,4,2.0,2,1,2.0
9595,1197,438,333,2023-2024,4,0.3,4,0.2,2,0.3,3,0.2,3,5,4,1,3.2,5,1,3.2
9596,1565,448,349,2024-2025,1,0.3,2,0.2,5,0.3,3,0.2,5,2,5,3,2.8,3,1,2.8
9597,2169,478,341,2024-2025,2,0.3,3,0.2,5,0.3,3,0.2,5,1,4,5,3.3,5,1,3.3
9598,1294,418,336,2023-2024,2,0.3,3,0.2,5,0.3,3,0.2,3,1,2,1,3.3,9,1,3.3
9599,2017,439,349,2024-2025,1,0.3,1,0.2,5,0.3,1,0.2,4,2,1,1,2.2,1,1,2.2
9600,1430,455,355,2020-2021,3,0.3,5,0.2,4,0.3,2,0.2,5,5,5,1,3.5,0,1,3.5
9601,1798,414,340,2023-2024,3,0.3,1,0.2,3,0.3,3,0.2,3,1,1,3,2.6,9,1,2.6
9602,1537,438,323,2024-2025,4,0.3,3,0.2,5,0.3,2,0.2,3,2,1,1,3.7,4,1,3.7
9603,1184,466,312,2024-2025,2,0.3,1,0.2,5,0.3,3,0.2,4,3,3,5,2.9,0,1,2.9
9604,1665,443,303,2022-2023,4,0.3,5,0.2,4,0.3,2,0.2,3,1,3,1,3.8,9,1,3.8
9605,1758,458,349,2023-2024,1,0.3,5,0.2,2,0.3,4,0.2,1,4,5,4,2.7,10,1,2.7
9606,1565,415,314,2022-2023,1,0.3,4,0.2,1,0.3,4,0.2,1,2,5,3,2.2,8,1,2.2
9607,1738,476,354,2022-2023,2,0.3,4,0.2,5,0.3,3,0.2,5,2,4,4,3.5,0,1,3.5
9608,1280,454,339,2020-2021,4,0.3,5,0.2,5,0.3,2,0.2,3,4,5,3,4.1,9,1,4.100000000000001
9609,1365,464,328,2020-2021,1,0.3,4,0.2,1,0.3,5,0.2,1,1,2,2,2.4,5,1,2.4
9610,1531,447,338,2023-2024,1,0.3,2,0.2,1,0.3,5,0.2,5,1,3,4,2.0,3,1,2.0
9611,2152,445,360,2023-2024,3,0.3,5,0.2,3,0.3,2,0.2,2,2,4,3,3.2,9,1,3.2
9612,1498,470,348,2023-2024,5,0.3,3,0.2,5,0.3,1,0.2,5,4,1,1,3.8,8,1,3.8
9613,1473,430,351,2023-2024,5,0.3,1,0.2,1,0.3,1,0.2,5,3,2,2,2.2,3,1,2.2
9614,1565,411,341,2023-2024,1,0.3,3,0.2,2,0.3,2,0.2,1,4,1,2,1.9,7,1,1.9
9615,1492,432,348,2024-2025,5,0.3,4,0.2,5,0.3,4,0.2,4,5,1,5,4.6,1,1,4.6
9616,2040,419,312,2020-2021,2,0.3,2,0.2,2,0.3,1,0.2,3,3,5,3,1.8,10,1,1.8
9617,2006,466,350,2024-2025,2,0.3,3,0.2,1,0.3,5,0.2,1,4,3,5,2.5,5,1,2.5
9618,1290,444,340,2024-2025,4,0.3,1,0.2,1,0.3,3,0.2,1,1,2,5,2.3,4,1,2.3
9619,2022,406,346,2020-2021,2,0.3,2,0.2,3,0.3,1,0.2,5,2,1,2,2.1,7,1,2.1
9620,1072,429,357,2020-2021,4,0.3,3,0.2,2,0.3,3,0.2,3,4,5,2,3.0,5,1,3.0
9621,1504,445,334,2020-2021,1,0.3,4,0.2,2,0.3,2,0.2,2,4,5,2,2.1,2,1,2.1
9622,1997,479,327,2024-2025,1,0.3,1,0.2,3,0.3,2,0.2,3,3,4,2,1.8,1,1,1.8
9623,1110,454,311,2020-2021,1,0.3,4,0.2,4,0.3,1,0.2,5,2,1,2,2.5,4,1,2.5
9624,1583,444,343,2021-2022,1,0.3,4,0.2,4,0.3,4,0.2,4,2,5,2,3.1,1,1,3.1
9625,1215,431,318,2022-2023,2,0.3,3,0.2,1,0.3,1,0.2,5,4,5,5,1.7,5,1,1.7
9626,1170,468,319,2024-2025,1,0.3,5,0.2,2,0.3,5,0.2,5,5,3,3,2.9,4,1,2.9
9627,1289,446,319,2023-2024,5,0.3,3,0.2,5,0.3,4,0.2,2,1,3,4,4.4,4,1,4.4
9628,1739,453,315,2024-2025,3,0.3,2,0.2,1,0.3,4,0.2,3,5,1,3,2.4,6,1,2.4
9629,1530,440,327,2022-2023,3,0.3,1,0.2,3,0.3,3,0.2,4,3,5,1,2.6,4,1,2.6
9630,2048,466,335,2023-2024,3,0.3,2,0.2,3,0.3,2,0.2,3,4,3,1,2.6,8,1,2.6
9631,1488,411,331,2024-2025,5,0.3,2,0.2,1,0.3,3,0.2,3,2,1,2,2.8,9,1,2.8
9632,2023,444,317,2024-2025,1,0.3,2,0.2,4,0.3,5,0.2,2,5,2,4,2.9,7,1,2.9
9633,1742,433,354,2021-2022,4,0.3,2,0.2,4,0.3,1,0.2,2,3,1,2,3.0,5,1,3.0
9634,1564,413,312,2022-2023,1,0.3,2,0.2,5,0.3,2,0.2,4,2,2,2,2.6,7,1,2.6
9635,1141,477,331,2022-2023,2,0.3,1,0.2,4,0.3,3,0.2,2,4,1,1,2.6,6,1,2.6
9636,2141,472,358,2023-2024,2,0.3,2,0.2,2,0.3,5,0.2,4,2,2,3,2.6,2,1,2.6
9637,2085,425,341,2023-2024,1,0.3,1,0.2,5,0.3,3,0.2,3,3,5,2,2.6,6,1,2.6
9638,1576,448,357,2020-2021,2,0.3,2,0.2,1,0.3,5,0.2,1,5,5,3,2.3,8,1,2.3
9639,2081,416,359,2020-2021,5,0.3,5,0.2,5,0.3,1,0.2,5,5,3,2,4.2,8,1,4.2
9640,1585,418,350,2020-2021,1,0.3,4,0.2,5,0.3,2,0.2,4,3,2,2,3.0,10,1,3.0
9641,1633,426,313,2022-2023,5,0.3,3,0.2,3,0.3,2,0.2,5,4,1,5,3.4,7,1,3.4
9642,2158,428,312,2022-2023,2,0.3,1,0.2,3,0.3,1,0.2,2,3,2,1,1.9,0,1,1.9
9643,1229,449,313,2021-2022,5,0.3,1,0.2,4,0.3,2,0.2,2,3,2,1,3.3,10,1,3.3
9644,1522,462,333,2021-2022,5,0.3,4,0.2,2,0.3,3,0.2,5,1,4,1,3.5,2,1,3.5
9645,2106,476,328,2024-2025,1,0.3,2,0.2,3,0.3,4,0.2,1,1,2,3,2.4,1,1,2.4
9646,1334,436,319,2024-2025,5,0.3,5,0.2,2,0.3,4,0.2,3,2,1,4,3.9,6,1,3.9
9647,1294,470,314,2020-2021,5,0.3,5,0.2,1,0.3,3,0.2,1,5,4,4,3.4,8,1,3.4
9648,1831,446,355,2020-2021,5,0.3,3,0.2,1,0.3,4,0.2,1,5,1,1,3.2,5,1,3.2
9649,1956,457,325,2020-2021,3,0.3,3,0.2,1,0.3,2,0.2,1,2,2,1,2.2,6,1,2.2
9650,1189,404,303,2020-2021,2,0.3,3,0.2,4,0.3,3,0.2,2,4,4,5,3.0,5,1,3.0
9651,1973,431,336,2022-2023,4,0.3,3,0.2,2,0.3,5,0.2,4,1,5,3,3.4,5,1,3.4
9652,1098,423,307,2021-2022,5,0.3,1,0.2,4,0.3,2,0.2,5,1,5,2,3.3,3,1,3.3
9653,1677,415,306,2021-2022,4,0.3,2,0.2,4,0.3,2,0.2,5,5,1,2,3.2,1,1,3.2
9654,1477,457,302,2022-2023,1,0.3,2,0.2,4,0.3,2,0.2,1,4,4,3,2.3,8,1,2.3
9655,2180,421,321,2022-2023,2,0.3,3,0.2,2,0.3,2,0.2,4,3,3,4,2.2,6,1,2.2
9656,1189,439,324,2022-2023,2,0.3,1,0.2,4,0.3,5,0.2,5,1,2,4,3.0,5,1,3.0
9657,1418,457,311,2022-2023,2,0.3,3,0.2,3,0.3,2,0.2,4,4,4,4,2.5,2,1,2.5
9658,1152,464,320,2023-2024,2,0.3,4,0.2,4,0.3,4,0.2,5,1,3,3,3.4,5,1,3.399999999999999
9659,1089,447,339,2023-2024,2,0.3,2,0.2,3,0.3,2,0.2,3,2,3,3,2.3,9,1,2.3
9660,1557,430,331,2020-2021,4,0.3,5,0.2,1,0.3,4,0.2,5,4,1,2,3.3,4,1,3.3
9661,1142,414,328,2020-2021,5,0.3,5,0.2,4,0.3,2,0.2,1,3,4,3,4.1,3,1,4.100000000000001
9662,1189,413,350,2022-2023,5,0.3,5,0.2,3,0.3,2,0.2,3,2,3,1,3.8,1,1,3.8
9663,1953,479,351,2020-2021,3,0.3,1,0.2,3,0.3,2,0.2,5,4,5,1,2.4,8,1,2.4
9664,1757,446,333,2021-2022,5,0.3,2,0.2,3,0.3,5,0.2,4,3,3,3,3.8,10,1,3.8
9665,1920,474,337,2023-2024,5,0.3,4,0.2,3,0.3,5,0.2,3,2,3,3,4.2,2,1,4.199999999999999
9666,1788,468,311,2023-2024,5,0.3,1,0.2,3,0.3,2,0.2,3,4,5,3,3.0,9,1,3.0
9667,1928,467,356,2023-2024,4,0.3,5,0.2,3,0.3,1,0.2,4,2,3,2,3.3,0,1,3.3
9668,1012,470,355,2023-2024,5,0.3,1,0.2,3,0.3,5,0.2,4,5,5,3,3.6,5,1,3.6
9669,1326,437,327,2023-2024,1,0.3,1,0.2,5,0.3,2,0.2,1,5,5,5,2.4,2,1,2.4
9670,1900,414,302,2020-2021,4,0.3,3,0.2,2,0.3,2,0.2,2,5,3,5,2.8,10,1,2.8
9671,2146,463,323,2023-2024,4,0.3,2,0.2,3,0.3,1,0.2,1,3,2,2,2.7,0,1,2.7
9672,1454,403,305,2022-2023,5,0.3,2,0.2,4,0.3,1,0.2,3,4,3,1,3.3,9,1,3.3
9673,1146,408,314,2023-2024,4,0.3,2,0.2,5,0.3,3,0.2,4,3,5,1,3.7,6,1,3.7
9674,1546,406,305,2020-2021,5,0.3,2,0.2,2,0.3,5,0.2,4,1,2,1,3.5,3,1,3.5
9675,1208,468,317,2023-2024,4,0.3,1,0.2,5,0.3,4,0.2,4,5,1,5,3.7,7,1,3.7
9676,1217,454,352,2024-2025,4,0.3,2,0.2,4,0.3,2,0.2,2,4,3,5,3.2,2,1,3.2
9677,1173,406,302,2023-2024,4,0.3,3,0.2,4,0.3,1,0.2,5,4,4,3,3.2,0,1,3.2
9678,1130,466,314,2021-2022,1,0.3,5,0.2,4,0.3,1,0.2,3,4,4,1,2.7,8,1,2.7
9679,2079,444,351,2021-2022,1,0.3,4,0.2,1,0.3,1,0.2,4,1,1,4,1.6,0,1,1.6
9680,1288,417,347,2020-2021,1,0.3,1,0.2,1,0.3,2,0.2,2,4,5,2,1.2,9,1,1.2
9681,1250,410,349,2024-2025,1,0.3,3,0.2,1,0.3,1,0.2,1,4,5,2,1.4,4,1,1.4
9682,1949,456,340,2024-2025,5,0.3,1,0.2,1,0.3,4,0.2,4,1,1,1,2.8,4,1,2.8
9683,1872,430,354,2021-2022,5,0.3,3,0.2,1,0.3,1,0.2,5,2,2,3,2.6,1,1,2.6
9684,1675,465,341,2023-2024,5,0.3,4,0.2,3,0.3,2,0.2,1,4,4,2,3.6,1,1,3.6
9685,1670,433,355,2022-2023,1,0.3,4,0.2,1,0.3,2,0.2,5,4,3,3,1.8,0,1,1.8
9686,2062,419,359,2022-2023,2,0.3,3,0.2,2,0.3,1,0.2,3,5,1,3,2.0,7,1,2.0
9687,1350,438,310,2022-2023,3,0.3,5,0.2,3,0.3,1,0.2,2,4,2,2,3.0,5,1,3.0
9688,1657,437,333,2023-2024,2,0.3,2,0.2,1,0.3,4,0.2,4,1,2,2,2.1,0,1,2.1
9689,1423,479,352,2021-2022,2,0.3,1,0.2,4,0.3,1,0.2,1,2,1,5,2.2,6,1,2.2
9690,1630,467,357,2021-2022,4,0.3,4,0.2,4,0.3,3,0.2,2,5,4,5,3.8,0,1,3.8
9691,1090,439,340,2023-2024,4,0.3,2,0.2,5,0.3,1,0.2,2,1,5,4,3.3,6,1,3.3
9692,2163,449,303,2021-2022,4,0.3,4,0.2,4,0.3,2,0.2,5,4,3,5,3.6,9,1,3.6
9693,1252,454,320,2024-2025,1,0.3,1,0.2,3,0.3,4,0.2,3,3,3,5,2.2,4,1,2.2
9694,1946,416,316,2023-2024,3,0.3,4,0.2,3,0.3,4,0.2,1,3,2,3,3.4,2,1,3.399999999999999
9695,1358,467,359,2023-2024,4,0.3,5,0.2,5,0.3,2,0.2,2,2,2,4,4.1,6,1,4.100000000000001
9696,1593,417,332,2022-2023,4,0.3,3,0.2,3,0.3,5,0.2,5,3,4,3,3.7,5,1,3.7
9697,1058,420,342,2020-2021,3,0.3,1,0.2,2,0.3,1,0.2,3,2,4,4,1.9,5,1,1.9
9698,2135,471,312,2021-2022,5,0.3,3,0.2,3,0.3,2,0.2,2,2,3,3,3.4,3,1,3.4
9699,2055,421,309,2024-2025,2,0.3,3,0.2,4,0.3,4,0.2,5,4,3,4,3.2,10,1,3.2
9700,1011,429,354,2024-2025,3,0.3,3,0.2,5,0.3,2,0.2,5,1,1,2,3.4,3,1,3.4
9701,1160,447,344,2023-2024,4,0.3,4,0.2,1,0.3,5,0.2,4,1,1,3,3.3,1,1,3.3
9702,1222,449,354,2021-2022,1,0.3,1,0.2,3,0.3,5,0.2,2,1,3,2,2.4,9,1,2.4
9703,1232,446,335,2023-2024,3,0.3,2,0.2,5,0.3,1,0.2,4,3,1,5,3.0,1,1,3.0
9704,1747,403,324,2023-2024,4,0.3,2,0.2,5,0.3,4,0.2,5,2,1,3,3.9,1,1,3.9
9705,1128,404,342,2024-2025,1,0.3,5,0.2,5,0.3,1,0.2,3,3,2,1,3.0,0,1,3.0
9706,1284,402,344,2023-2024,2,0.3,4,0.2,4,0.3,2,0.2,3,4,5,3,3.0,2,1,3.0
9707,1018,468,312,2023-2024,4,0.3,4,0.2,2,0.3,5,0.2,2,2,4,4,3.6,6,1,3.6
9708,1505,411,348,2020-2021,2,0.3,1,0.2,1,0.3,3,0.2,4,3,2,5,1.7,8,1,1.7
9709,1546,424,328,2022-2023,4,0.3,1,0.2,3,0.3,1,0.2,2,5,2,1,2.5,6,1,2.5
9710,1408,465,347,2021-2022,3,0.3,4,0.2,1,0.3,3,0.2,5,1,4,4,2.6,4,1,2.6
9711,1637,407,323,2024-2025,2,0.3,5,0.2,5,0.3,3,0.2,3,4,3,2,3.7,8,1,3.7
9712,1274,466,338,2023-2024,5,0.3,3,0.2,4,0.3,3,0.2,2,3,3,5,3.9,7,1,3.9
9713,1366,424,360,2022-2023,5,0.3,5,0.2,5,0.3,5,0.2,3,3,3,1,5.0,10,1,5.0
9714,1020,415,320,2024-2025,3,0.3,2,0.2,1,0.3,1,0.2,5,4,1,1,1.8,7,1,1.8
9715,1762,427,337,2020-2021,4,0.3,5,0.2,3,0.3,3,0.2,3,4,5,5,3.7,6,1,3.7
9716,1362,428,316,2024-2025,4,0.3,2,0.2,4,0.3,5,0.2,3,2,1,1,3.8,10,1,3.8
9717,1686,424,356,2022-2023,2,0.3,3,0.2,3,0.3,2,0.2,4,2,4,4,2.5,10,1,2.5
9718,1324,440,324,2024-2025,2,0.3,1,0.2,2,0.3,3,0.2,4,1,1,2,2.0,1,1,2.0
9719,1250,463,316,2021-2022,1,0.3,1,0.2,4,0.3,3,0.2,3,5,2,4,2.3,2,1,2.3
9720,1690,412,322,2023-2024,3,0.3,5,0.2,2,0.3,1,0.2,5,3,3,2,2.7,8,1,2.7
9721,1938,409,315,2022-2023,4,0.3,5,0.2,4,0.3,1,0.2,5,2,3,5,3.6,10,1,3.600000000000001
9722,1571,469,358,2021-2022,5,0.3,1,0.2,1,0.3,3,0.2,3,4,2,4,2.6,3,1,2.6
9723,1414,416,328,2020-2021,5,0.3,4,0.2,3,0.3,2,0.2,2,1,5,5,3.6,2,1,3.6
9724,2144,438,310,2023-2024,5,0.3,4,0.2,5,0.3,4,0.2,4,3,1,3,4.6,3,1,4.6
9725,1901,446,303,2023-2024,4,0.3,4,0.2,2,0.3,1,0.2,4,5,5,1,2.8,10,1,2.8
9726,2061,443,337,2022-2023,2,0.3,5,0.2,3,0.3,4,0.2,3,1,4,3,3.3,9,1,3.3
9727,1179,441,325,2024-2025,2,0.3,2,0.2,1,0.3,1,0.2,3,3,1,2,1.5,6,1,1.5
9728,1806,402,346,2021-2022,2,0.3,1,0.2,5,0.3,1,0.2,4,2,2,2,2.5,10,1,2.5
9729,1352,419,339,2020-2021,3,0.3,1,0.2,5,0.3,3,0.2,4,3,4,1,3.2,3,1,3.2
9730,2056,457,306,2022-2023,1,0.3,4,0.2,2,0.3,5,0.2,5,3,3,3,2.7,4,1,2.7
9731,1599,444,353,2023-2024,2,0.3,1,0.2,1,0.3,4,0.2,4,4,3,1,1.9,10,1,1.9
9732,2027,427,307,2023-2024,3,0.3,4,0.2,3,0.3,1,0.2,2,2,2,3,2.8,3,1,2.8
9733,1681,459,348,2022-2023,2,0.3,4,0.2,2,0.3,1,0.2,4,5,4,4,2.2,0,1,2.2
9734,1048,459,347,2023-2024,4,0.3,1,0.2,2,0.3,3,0.2,4,4,1,4,2.6,9,1,2.6
9735,1304,455,306,2020-2021,3,0.3,1,0.2,5,0.3,3,0.2,4,5,5,4,3.2,5,1,3.2
9736,1522,464,318,2020-2021,3,0.3,2,0.2,2,0.3,4,0.2,3,1,2,3,2.7,0,1,2.7
9737,2066,437,333,2021-2022,3,0.3,2,0.2,5,0.3,4,0.2,3,5,4,1,3.6,0,1,3.6
9738,1016,466,332,2020-2021,1,0.3,1,0.2,5,0.3,2,0.2,4,2,5,5,2.4,1,1,2.4
9739,1977,411,337,2020-2021,5,0.3,2,0.2,5,0.3,2,0.2,5,5,5,2,3.8,8,1,3.8
9740,1264,413,327,2022-2023,1,0.3,5,0.2,5,0.3,4,0.2,1,1,5,1,3.6,7,1,3.6
9741,1211,466,303,2024-2025,3,0.3,4,0.2,4,0.3,1,0.2,4,4,3,2,3.1,2,1,3.1
9742,1178,443,309,2024-2025,4,0.3,2,0.2,3,0.3,5,0.2,5,2,2,5,3.5,1,1,3.5
9743,1999,463,313,2020-2021,4,0.3,4,0.2,3,0.3,1,0.2,2,1,5,4,3.1,4,1,3.1
9744,1668,418,346,2023-2024,5,0.3,2,0.2,1,0.3,2,0.2,4,2,3,3,2.6,9,1,2.6
9745,1129,412,356,2024-2025,2,0.3,4,0.2,4,0.3,3,0.2,2,3,4,4,3.2,10,1,3.2
9746,1225,459,311,2023-2024,3,0.3,1,0.2,4,0.3,2,0.2,1,3,3,5,2.7,3,1,2.7
9747,1400,437,308,2021-2022,4,0.3,2,0.2,5,0.3,1,0.2,3,1,2,2,3.3,4,1,3.3
9748,1852,465,329,2022-2023,4,0.3,1,0.2,4,0.3,3,0.2,4,3,3,4,3.2,5,1,3.2
9749,1236,466,355,2023-2024,3,0.3,3,0.2,5,0.3,2,0.2,2,5,5,2,3.4,1,1,3.4
9750,2113,463,331,2022-2023,2,0.3,3,0.2,3,0.3,5,0.2,1,3,1,2,3.1,1,1,3.1
9751,1777,448,304,2024-2025,3,0.3,1,0.2,2,0.3,3,0.2,4,3,4,5,2.3,9,1,2.3
9752,1546,438,331,2023-2024,4,0.3,2,0.2,5,0.3,4,0.2,1,2,3,1,3.9,2,1,3.9
9753,1540,412,302,2023-2024,3,0.3,2,0.2,5,0.3,2,0.2,3,4,2,5,3.2,9,1,3.2
9754,1864,421,346,2020-2021,4,0.3,4,0.2,4,0.3,3,0.2,4,4,1,2,3.8,9,1,3.8
9755,1998,459,317,2022-2023,2,0.3,2,0.2,4,0.3,4,0.2,1,1,5,3,3.0,3,1,3.0
9756,2065,424,346,2020-2021,5,0.3,4,0.2,1,0.3,1,0.2,1,2,3,1,2.8,9,1,2.8
9757,1978,415,359,2023-2024,2,0.3,3,0.2,5,0.3,2,0.2,2,2,1,2,3.1,1,1,3.1
9758,1577,456,345,2022-2023,1,0.3,4,0.2,4,0.3,4,0.2,1,5,3,4,3.1,8,1,3.1
9759,2078,471,333,2022-2023,5,0.3,4,0.2,5,0.3,4,0.2,3,5,4,5,4.6,5,1,4.6
9760,1203,438,356,2024-2025,4,0.3,5,0.2,4,0.3,1,0.2,1,4,5,3,3.6,6,1,3.600000000000001
9761,1363,429,341,2024-2025,1,0.3,5,0.2,1,0.3,4,0.2,3,1,1,5,2.4,10,1,2.4
9762,1815,451,334,2023-2024,2,0.3,2,0.2,4,0.3,5,0.2,5,5,5,5,3.2,4,1,3.2
9763,1384,450,352,2022-2023,2,0.3,1,0.2,1,0.3,2,0.2,1,2,1,3,1.5,2,1,1.5
9764,1345,406,347,2023-2024,3,0.3,1,0.2,1,0.3,3,0.2,4,3,1,2,2.0,3,1,2.0
9765,1766,461,328,2020-2021,3,0.3,2,0.2,5,0.3,3,0.2,2,5,4,1,3.4,0,1,3.4
9766,1979,407,320,2022-2023,5,0.3,3,0.2,5,0.3,2,0.2,2,5,4,5,4.0,7,1,4.0
9767,1919,453,332,2023-2024,4,0.3,1,0.2,2,0.3,5,0.2,2,1,2,3,3.0,4,1,3.0
9768,1465,416,323,2021-2022,3,0.3,4,0.2,1,0.3,3,0.2,5,2,3,5,2.6,10,1,2.6
9769,1136,423,356,2020-2021,5,0.3,5,0.2,3,0.3,2,0.2,1,5,3,5,3.8,0,1,3.8
9770,1573,414,344,2023-2024,3,0.3,1,0.2,1,0.3,2,0.2,1,2,4,3,1.8,2,1,1.8
9771,1159,427,320,2021-2022,2,0.3,4,0.2,2,0.3,2,0.2,3,1,3,4,2.4,1,1,2.4
9772,1333,410,349,2023-2024,5,0.3,5,0.2,4,0.3,4,0.2,4,5,3,2,4.5,10,1,4.5
9773,1213,464,309,2023-2024,5,0.3,2,0.2,1,0.3,1,0.2,3,5,2,1,2.4,5,1,2.4
9774,2005,473,327,2021-2022,1,0.3,4,0.2,3,0.3,1,0.2,1,2,2,3,2.2,10,1,2.2
9775,1165,480,358,2023-2024,1,0.3,3,0.2,5,0.3,4,0.2,3,1,5,4,3.2,6,1,3.2
9776,1719,462,304,2023-2024,2,0.3,4,0.2,1,0.3,3,0.2,3,5,4,5,2.3,6,1,2.3
9777,1762,458,330,2020-2021,2,0.3,2,0.2,4,0.3,5,0.2,4,1,2,1,3.2,9,1,3.2
9778,1177,464,325,2023-2024,5,0.3,5,0.2,2,0.3,5,0.2,1,4,1,1,4.1,2,1,4.1
9779,1330,436,320,2022-2023,2,0.3,4,0.2,5,0.3,4,0.2,2,4,5,3,3.7,3,1,3.7
9780,2117,464,333,2020-2021,1,0.3,1,0.2,2,0.3,5,0.2,4,3,4,3,2.1,9,1,2.1
9781,1850,470,342,2022-2023,3,0.3,5,0.2,1,0.3,5,0.2,5,5,4,3,3.2,9,1,3.2
9782,2191,419,311,2023-2024,2,0.3,2,0.2,1,0.3,2,0.2,5,4,5,4,1.7,0,1,1.7
9783,2006,469,324,2022-2023,2,0.3,4,0.2,3,0.3,3,0.2,3,4,4,3,2.9,3,1,2.9
9784,1858,437,314,2020-2021,1,0.3,5,0.2,2,0.3,3,0.2,5,1,2,2,2.5,2,1,2.5
9785,1040,434,305,2021-2022,2,0.3,3,0.2,4,0.3,3,0.2,2,4,4,3,3.0,3,1,3.0
9786,1646,448,348,2023-2024,3,0.3,1,0.2,5,0.3,3,0.2,2,1,3,5,3.2,2,1,3.2
9787,1519,463,329,2023-2024,4,0.3,4,0.2,2,0.3,2,0.2,1,2,5,2,3.0,10,1,3.0
9788,1125,407,310,2022-2023,5,0.3,1,0.2,4,0.3,1,0.2,3,5,5,4,3.1,4,1,3.1
9789,1797,479,331,2024-2025,1,0.3,4,0.2,5,0.3,2,0.2,2,2,5,2,3.0,3,1,3.0
9790,1914,455,336,2024-2025,5,0.3,2,0.2,2,0.3,5,0.2,2,5,4,5,3.5,9,1,3.5
9791,1252,458,314,2024-2025,5,0.3,2,0.2,3,0.3,5,0.2,4,5,1,4,3.8,5,1,3.8
9792,1077,463,352,2024-2025,2,0.3,2,0.2,2,0.3,3,0.2,5,2,4,5,2.2,7,1,2.2
9793,2188,478,334,2020-2021,2,0.3,3,0.2,2,0.3,1,0.2,4,5,3,5,2.0,6,1,2.0
9794,1362,477,359,2024-2025,1,0.3,2,0.2,2,0.3,3,0.2,3,1,5,4,1.9,7,1,1.9
9795,1380,469,306,2020-2021,2,0.3,2,0.2,4,0.3,4,0.2,4,4,4,4,3.0,7,1,3.0
9796,1988,410,335,2020-2021,5,0.3,4,0.2,4,0.3,2,0.2,5,1,3,5,3.9,7,1,3.9
9797,2165,430,314,2020-2021,3,0.3,4,0.2,5,0.3,5,0.2,3,2,4,3,4.2,0,1,4.2
9798,1795,416,304,2021-2022,4,0.3,2,0.2,3,0.3,2,0.2,2,2,3,5,2.9,7,1,2.9
9799,1223,468,335,2022-2023,4,0.3,2,0.2,4,0.3,3,0.2,5,1,5,5,3.4,6,1,3.4
9800,2189,439,302,2023-2024,4,0.3,1,0.2,2,0.3,2,0.2,2,3,4,2,2.4,4,1,2.4
